source,tenant_id,dataset_uuid,dataset_name,rule_code,rule_name,rule_type,dimension,rule_description,category,business_date_latest,dataset_record_count_latest,filtered_record_count_latest,pass_count_total,fail_count_total,pass_count_1m,fail_count_1m,pass_count_3m,fail_count_3m,pass_count_12m,fail_count_12m,fail_rate_total,fail_rate_1m,fail_rate_3m,fail_rate_12m,trend_flag,last_execution_level
COMPLIANCE_SYSTEM,tenant_002,ds013,Compliance Data,3,RANGE_CHECK,BUSINESS_RULE,Validity,Validates that numeric values fall within acceptable business ranges,C2,2024-07-27,32079,27695,24,5,2,1,4,2,24,5,0.1724137931034483,0.3333333333333333,0.3333333333333333,0.1724137931034483,equal,ATTRIBUTE
PROCUREMENT_SYSTEM,tenant_001,ds009,Vendor Information,3,RANGE_CHECK,BUSINESS_RULE,Validity,Validates that numeric values fall within acceptable business ranges,C2,2025-04-19,34789,33188,14,9,4,1,8,4,14,9,0.391304347826087,0.2,0.3333333333333333,0.391304347826087,down,RECORD
SUPPORT_SYSTEM,tenant_002,ds008,Support Tickets,3,RANGE_CHECK,BUSINESS_RULE,Validity,Validates that numeric values fall within acceptable business ranges,C2,2024-09-10,33228,32090,13,3,1,1,3,1,13,3,0.1875,0.5,0.25,0.1875,up,DATASET
COMPLIANCE_SYSTEM,tenant_002,ds013,Compliance Data,2,DATE_FORMAT_VALIDATION,ATTRIBUTE,Correctness,Ensures date fields follow standard ISO format (YYYY-MM-DD),C1,2025-04-06,4222,4014,12,7,0,0,3,1,12,7,0.3684210526315789,0.0,0.25,0.3684210526315789,down,ATTRIBUTE
HR_SYSTEM,tenant_003,ds005,Employee Directory,6,DUPLICATE_DETECTION,DATASET,Uniqueness,Identifies duplicate records based on business key combinations,C3,2024-08-20,29696,27203,15,4,2,0,5,1,15,4,0.21052631578947367,0.0,0.16666666666666666,0.21052631578947367,down,RECORD
FINANCE_SYSTEM,tenant_001,ds006,Financial Accounts,3,RANGE_CHECK,BUSINESS_RULE,Validity,Validates that numeric values fall within acceptable business ranges,C2,2024-08-04,36606,31517,14,6,1,0,1,0,14,6,0.3,0.0,0.0,0.3,equal,RECORD
HR_SYSTEM,tenant_001,ds005,Employee Directory,3,RANGE_CHECK,BUSINESS_RULE,Validity,Validates that numeric values fall within acceptable business ranges,C2,2024-07-13,9580,9376,11,3,1,0,4,0,11,3,0.21428571428571427,0.0,0.0,0.21428571428571427,equal,DATASET
QMS_SYSTEM,tenant_002,ds012,Quality Metrics,6,DUPLICATE_DETECTION,DATASET,Uniqueness,Identifies duplicate records based on business key combinations,C3,2025-02-12,5524,5211,10,7,0,1,3,3,10,7,0.4117647058823529,1.0,0.5,0.4117647058823529,up,RECORD
ORDER_SYSTEM,tenant_001,ds010,Order Management,6,DUPLICATE_DETECTION,DATASET,Uniqueness,Identifies duplicate records based on business key combinations,C3,2024-08-30,41523,39944,17,3,1,0,1,0,17,3,0.15,0.0,0.0,0.15,equal,DATASET
POS_SYSTEM,tenant_001,ds003,Sales Transactions,3,RANGE_CHECK,BUSINESS_RULE,Validity,Validates that numeric values fall within acceptable business ranges,C2,2024-11-21,14471,13411,14,6,3,0,5,0,14,6,0.3,0.0,0.0,0.3,equal,DATASET
HR_SYSTEM,tenant_002,ds005,Employee Directory,2,DATE_FORMAT_VALIDATION,ATTRIBUTE,Correctness,Ensures date fields follow standard ISO format (YYYY-MM-DD),C1,2024-08-14,32515,29462,18,4,0,1,6,2,18,4,0.18181818181818182,1.0,0.25,0.18181818181818182,up,DATASET
ERP_SYSTEM,tenant_003,ds002,Product Catalog,6,DUPLICATE_DETECTION,DATASET,Uniqueness,Identifies duplicate records based on business key combinations,C3,2024-09-18,21239,17133,18,6,0,2,2,2,18,6,0.25,1.0,0.5,0.25,up,RECORD
HR_SYSTEM,tenant_001,ds005,Employee Directory,5,FOREIGN_KEY_CHECK,DATASET,Integrity,Validates that foreign key references exist in master data tables,C3,2024-07-15,46447,43200,10,4,2,0,2,0,10,4,0.2857142857142857,0.0,0.0,0.2857142857142857,equal,RECORD
QMS_SYSTEM,tenant_003,ds012,Quality Metrics,3,RANGE_CHECK,BUSINESS_RULE,Validity,Validates that numeric values fall within acceptable business ranges,C2,2025-05-22,27651,27106,13,2,0,0,1,1,13,2,0.13333333333333333,0.0,0.5,0.13333333333333333,down,RECORD
PROCUREMENT_SYSTEM,tenant_001,ds009,Vendor Information,4,CROSS_FIELD_VALIDATION,BUSINESS_RULE,Consistency,Ensures consistency between related fields across records,C2,2024-09-07,17299,16881,12,4,0,1,3,1,12,4,0.25,1.0,0.25,0.25,up,RECORD
PPM_SYSTEM,tenant_003,ds015,Project Portfolio,4,CROSS_FIELD_VALIDATION,BUSINESS_RULE,Consistency,Ensures consistency between related fields across records,C2,2024-10-17,2320,2189,12,3,1,1,3,2,12,3,0.2,0.5,0.4,0.2,up,DATASET
FINANCE_SYSTEM,tenant_001,ds006,Financial Accounts,5,FOREIGN_KEY_CHECK,DATASET,Integrity,Validates that foreign key references exist in master data tables,C3,2024-11-15,31541,30901,12,5,0,0,0,0,12,5,0.29411764705882354,0.0,0.0,0.29411764705882354,equal,RECORD
WMS_SYSTEM,tenant_002,ds004,Inventory Records,6,DUPLICATE_DETECTION,DATASET,Uniqueness,Identifies duplicate records based on business key combinations,C3,2025-05-20,49138,46731,11,2,0,0,6,0,11,2,0.15384615384615385,0.0,0.0,0.15384615384615385,equal,RECORD
PPM_SYSTEM,tenant_002,ds015,Project Portfolio,5,FOREIGN_KEY_CHECK,DATASET,Integrity,Validates that foreign key references exist in master data tables,C3,2025-02-09,39950,34206,23,4,2,1,3,2,23,4,0.14814814814814814,0.3333333333333333,0.4,0.14814814814814814,down,RECORD
PROCUREMENT_SYSTEM,tenant_002,ds009,Vendor Information,4,CROSS_FIELD_VALIDATION,BUSINESS_RULE,Consistency,Ensures consistency between related fields across records,C2,2024-08-23,1646,1411,15,3,2,0,4,0,15,3,0.16666666666666666,0.0,0.0,0.16666666666666666,equal,RECORD
PPM_SYSTEM,tenant_001,ds015,Project Portfolio,1,COMPLETENESS_CHECK,ATTRIBUTE,Completeness,Validates that required fields are populated and not null or empty,C1,2025-04-23,10878,8845,13,5,1,0,6,0,13,5,0.2777777777777778,0.0,0.0,0.2777777777777778,equal,ATTRIBUTE
FINANCE_SYSTEM,tenant_002,ds006,Financial Accounts,5,FOREIGN_KEY_CHECK,DATASET,Integrity,Validates that foreign key references exist in master data tables,C3,2024-07-04,32524,30910,13,2,2,0,3,0,13,2,0.13333333333333333,0.0,0.0,0.13333333333333333,equal,ATTRIBUTE
PPM_SYSTEM,tenant_002,ds015,Project Portfolio,2,DATE_FORMAT_VALIDATION,ATTRIBUTE,Correctness,Ensures date fields follow standard ISO format (YYYY-MM-DD),C1,2024-08-18,29223,24372,15,5,0,0,1,1,15,5,0.25,0.0,0.5,0.25,down,DATASET
FINANCE_SYSTEM,tenant_001,ds006,Financial Accounts,2,DATE_FORMAT_VALIDATION,ATTRIBUTE,Correctness,Ensures date fields follow standard ISO format (YYYY-MM-DD),C1,2024-11-16,16916,15105,15,4,1,0,2,2,15,4,0.21052631578947367,0.0,0.5,0.21052631578947367,down,DATASET
LOGISTICS_SYSTEM,tenant_001,ds011,Shipping Records,7,QUALITY_SCORE,DATASET,Overall,Calculates overall data quality score based on multiple rule assessments,C4,2024-11-13,33862,29268,13,2,2,0,4,0,13,2,0.13333333333333333,0.0,0.0,0.13333333333333333,equal,ATTRIBUTE
POS_SYSTEM,tenant_001,ds003,Sales Transactions,7,QUALITY_SCORE,DATASET,Overall,Calculates overall data quality score based on multiple rule assessments,C4,2025-04-24,39068,37037,18,4,1,1,3,1,18,4,0.18181818181818182,0.5,0.25,0.18181818181818182,up,RECORD
ORDER_SYSTEM,tenant_003,ds010,Order Management,1,COMPLETENESS_CHECK,ATTRIBUTE,Completeness,Validates that required fields are populated and not null or empty,C1,2024-07-19,7035,6015,13,8,0,0,1,3,13,8,0.38095238095238093,0.0,0.75,0.38095238095238093,down,RECORD
HR_SYSTEM,tenant_002,ds005,Employee Directory,5,FOREIGN_KEY_CHECK,DATASET,Integrity,Validates that foreign key references exist in master data tables,C3,2025-04-10,27957,25185,20,4,0,0,4,2,20,4,0.16666666666666666,0.0,0.3333333333333333,0.16666666666666666,down,ATTRIBUTE
QMS_SYSTEM,tenant_003,ds012,Quality Metrics,5,FOREIGN_KEY_CHECK,DATASET,Integrity,Validates that foreign key references exist in master data tables,C3,2024-10-16,33508,27992,14,2,1,0,1,1,14,2,0.125,0.0,0.5,0.125,down,DATASET
QMS_SYSTEM,tenant_002,ds012,Quality Metrics,2,DATE_FORMAT_VALIDATION,ATTRIBUTE,Correctness,Ensures date fields follow standard ISO format (YYYY-MM-DD),C1,2024-08-05,44684,37915,16,1,2,1,3,1,16,1,0.058823529411764705,0.3333333333333333,0.25,0.058823529411764705,up,ATTRIBUTE
SUPPORT_SYSTEM,tenant_003,ds008,Support Tickets,2,DATE_FORMAT_VALIDATION,ATTRIBUTE,Correctness,Ensures date fields follow standard ISO format (YYYY-MM-DD),C1,2024-07-02,1539,1323,6,10,0,1,0,2,6,10,0.625,1.0,1.0,0.625,equal,RECORD
PPM_SYSTEM,tenant_003,ds015,Project Portfolio,1,COMPLETENESS_CHECK,ATTRIBUTE,Completeness,Validates that required fields are populated and not null or empty,C1,2024-11-16,17579,16313,14,3,1,0,6,1,14,3,0.17647058823529413,0.0,0.14285714285714285,0.17647058823529413,down,DATASET
HR_SYSTEM,tenant_003,ds005,Employee Directory,2,DATE_FORMAT_VALIDATION,ATTRIBUTE,Correctness,Ensures date fields follow standard ISO format (YYYY-MM-DD),C1,2025-02-08,13248,11627,10,2,0,0,0,0,10,2,0.16666666666666666,0.0,0.0,0.16666666666666666,equal,ATTRIBUTE
POS_SYSTEM,tenant_001,ds003,Sales Transactions,1,COMPLETENESS_CHECK,ATTRIBUTE,Completeness,Validates that required fields are populated and not null or empty,C1,2025-04-11,49390,45174,16,4,2,0,6,0,16,4,0.2,0.0,0.0,0.2,equal,ATTRIBUTE
PPM_SYSTEM,tenant_002,ds015,Project Portfolio,1,COMPLETENESS_CHECK,ATTRIBUTE,Completeness,Validates that required fields are populated and not null or empty,C1,2025-05-02,42133,40552,15,3,0,0,2,0,15,3,0.16666666666666666,0.0,0.0,0.16666666666666666,equal,ATTRIBUTE
CRM_SYSTEM,tenant_001,ds001,Customer Master Data,4,CROSS_FIELD_VALIDATION,BUSINESS_RULE,Consistency,Ensures consistency between related fields across records,C2,2024-10-04,46680,38941,11,2,0,0,1,0,11,2,0.15384615384615385,0.0,0.0,0.15384615384615385,equal,DATASET
ORDER_SYSTEM,tenant_002,ds010,Order Management,7,QUALITY_SCORE,DATASET,Overall,Calculates overall data quality score based on multiple rule assessments,C4,2025-01-05,18990,18899,14,1,0,0,1,1,14,1,0.06666666666666667,0.0,0.5,0.06666666666666667,down,DATASET
ERP_SYSTEM,tenant_001,ds002,Product Catalog,6,DUPLICATE_DETECTION,DATASET,Uniqueness,Identifies duplicate records based on business key combinations,C3,2025-01-25,21973,20857,7,7,0,2,1,3,7,7,0.5,1.0,0.75,0.5,up,ATTRIBUTE
FINANCE_SYSTEM,tenant_002,ds006,Financial Accounts,7,QUALITY_SCORE,DATASET,Overall,Calculates overall data quality score based on multiple rule assessments,C4,2025-03-12,5735,4659,11,2,0,0,5,0,11,2,0.15384615384615385,0.0,0.0,0.15384615384615385,equal,ATTRIBUTE
MARKETING_SYSTEM,tenant_003,ds007,Marketing Campaigns,2,DATE_FORMAT_VALIDATION,ATTRIBUTE,Correctness,Ensures date fields follow standard ISO format (YYYY-MM-DD),C1,2024-10-19,5552,5325,14,3,0,0,1,2,14,3,0.17647058823529413,0.0,0.6666666666666666,0.17647058823529413,down,ATTRIBUTE
WMS_SYSTEM,tenant_002,ds004,Inventory Records,3,RANGE_CHECK,BUSINESS_RULE,Validity,Validates that numeric values fall within acceptable business ranges,C2,2025-02-04,48497,42640,15,3,0,0,6,0,15,3,0.16666666666666666,0.0,0.0,0.16666666666666666,equal,DATASET
ASSET_SYSTEM,tenant_001,ds014,Asset Management,6,DUPLICATE_DETECTION,DATASET,Uniqueness,Identifies duplicate records based on business key combinations,C3,2025-03-30,25996,21154,19,4,1,0,5,1,19,4,0.17391304347826086,0.0,0.16666666666666666,0.17391304347826086,down,ATTRIBUTE
SUPPORT_SYSTEM,tenant_002,ds008,Support Tickets,6,DUPLICATE_DETECTION,DATASET,Uniqueness,Identifies duplicate records based on business key combinations,C3,2024-06-30,37970,35425,14,4,1,0,2,1,14,4,0.2222222222222222,0.0,0.3333333333333333,0.2222222222222222,down,RECORD
ERP_SYSTEM,tenant_001,ds002,Product Catalog,2,DATE_FORMAT_VALIDATION,ATTRIBUTE,Correctness,Ensures date fields follow standard ISO format (YYYY-MM-DD),C1,2024-10-20,22368,21240,9,5,0,0,1,1,9,5,0.35714285714285715,0.0,0.5,0.35714285714285715,down,DATASET
CRM_SYSTEM,tenant_002,ds001,Customer Master Data,6,DUPLICATE_DETECTION,DATASET,Uniqueness,Identifies duplicate records based on business key combinations,C3,2024-07-24,19675,17805,19,6,3,0,6,2,19,6,0.24,0.0,0.25,0.24,down,ATTRIBUTE
ASSET_SYSTEM,tenant_001,ds014,Asset Management,4,CROSS_FIELD_VALIDATION,BUSINESS_RULE,Consistency,Ensures consistency between related fields across records,C2,2024-09-25,4193,3973,15,0,1,0,3,0,15,0,0.0,0.0,0.0,0.0,equal,RECORD
ASSET_SYSTEM,tenant_003,ds014,Asset Management,4,CROSS_FIELD_VALIDATION,BUSINESS_RULE,Consistency,Ensures consistency between related fields across records,C2,2024-08-09,11168,9187,8,5,0,0,0,0,8,5,0.38461538461538464,0.0,0.0,0.38461538461538464,equal,DATASET
PROCUREMENT_SYSTEM,tenant_002,ds009,Vendor Information,1,COMPLETENESS_CHECK,ATTRIBUTE,Completeness,Validates that required fields are populated and not null or empty,C1,2024-12-21,3838,3605,10,3,1,0,2,0,10,3,0.23076923076923078,0.0,0.0,0.23076923076923078,equal,DATASET
POS_SYSTEM,tenant_002,ds003,Sales Transactions,2,DATE_FORMAT_VALIDATION,ATTRIBUTE,Correctness,Ensures date fields follow standard ISO format (YYYY-MM-DD),C1,2025-03-01,33764,30045,10,2,0,0,2,0,10,2,0.16666666666666666,0.0,0.0,0.16666666666666666,equal,RECORD
MARKETING_SYSTEM,tenant_002,ds007,Marketing Campaigns,1,COMPLETENESS_CHECK,ATTRIBUTE,Completeness,Validates that required fields are populated and not null or empty,C1,2025-05-14,28833,26126,15,4,1,0,4,1,15,4,0.21052631578947367,0.0,0.2,0.21052631578947367,down,DATASET
SUPPORT_SYSTEM,tenant_001,ds008,Support Tickets,3,RANGE_CHECK,BUSINESS_RULE,Validity,Validates that numeric values fall within acceptable business ranges,C2,2024-10-23,12336,11342,15,3,2,0,5,0,15,3,0.16666666666666666,0.0,0.0,0.16666666666666666,equal,ATTRIBUTE
MARKETING_SYSTEM,tenant_002,ds007,Marketing Campaigns,5,FOREIGN_KEY_CHECK,DATASET,Integrity,Validates that foreign key references exist in master data tables,C3,2025-03-31,2102,1999,15,4,1,0,5,0,15,4,0.21052631578947367,0.0,0.0,0.21052631578947367,equal,ATTRIBUTE
ERP_SYSTEM,tenant_002,ds002,Product Catalog,7,QUALITY_SCORE,DATASET,Overall,Calculates overall data quality score based on multiple rule assessments,C4,2025-02-25,41827,40667,7,4,0,0,0,0,7,4,0.36363636363636365,0.0,0.0,0.36363636363636365,equal,DATASET
PROCUREMENT_SYSTEM,tenant_003,ds009,Vendor Information,3,RANGE_CHECK,BUSINESS_RULE,Validity,Validates that numeric values fall within acceptable business ranges,C2,2024-07-23,44682,41767,18,5,2,0,6,2,18,5,0.21739130434782608,0.0,0.25,0.21739130434782608,down,DATASET
ASSET_SYSTEM,tenant_002,ds014,Asset Management,5,FOREIGN_KEY_CHECK,DATASET,Integrity,Validates that foreign key references exist in master data tables,C3,2024-11-06,11815,9792,11,4,0,0,3,2,11,4,0.26666666666666666,0.0,0.4,0.26666666666666666,down,DATASET
PPM_SYSTEM,tenant_003,ds015,Project Portfolio,2,DATE_FORMAT_VALIDATION,ATTRIBUTE,Correctness,Ensures date fields follow standard ISO format (YYYY-MM-DD),C1,2025-02-17,17663,14602,9,5,0,1,2,1,9,5,0.35714285714285715,1.0,0.3333333333333333,0.35714285714285715,up,RECORD
ORDER_SYSTEM,tenant_001,ds010,Order Management,7,QUALITY_SCORE,DATASET,Overall,Calculates overall data quality score based on multiple rule assessments,C4,2024-10-24,47459,41072,10,5,1,1,3,1,10,5,0.3333333333333333,0.5,0.25,0.3333333333333333,up,ATTRIBUTE
PPM_SYSTEM,tenant_002,ds015,Project Portfolio,3,RANGE_CHECK,BUSINESS_RULE,Validity,Validates that numeric values fall within acceptable business ranges,C2,2024-12-10,49859,41749,8,2,0,0,1,0,8,2,0.2,0.0,0.0,0.2,equal,DATASET
CRM_SYSTEM,tenant_003,ds001,Customer Master Data,3,RANGE_CHECK,BUSINESS_RULE,Validity,Validates that numeric values fall within acceptable business ranges,C2,2024-08-03,13016,12300,13,2,1,0,4,0,13,2,0.13333333333333333,0.0,0.0,0.13333333333333333,equal,RECORD
POS_SYSTEM,tenant_003,ds003,Sales Transactions,3,RANGE_CHECK,BUSINESS_RULE,Validity,Validates that numeric values fall within acceptable business ranges,C2,2025-04-28,31018,29509,18,9,1,0,4,1,18,9,0.3333333333333333,0.0,0.2,0.3333333333333333,down,ATTRIBUTE
ASSET_SYSTEM,tenant_001,ds014,Asset Management,7,QUALITY_SCORE,DATASET,Overall,Calculates overall data quality score based on multiple rule assessments,C4,2024-12-28,18291,17657,9,3,1,0,1,0,9,3,0.25,0.0,0.0,0.25,equal,ATTRIBUTE
MARKETING_SYSTEM,tenant_002,ds007,Marketing Campaigns,3,RANGE_CHECK,BUSINESS_RULE,Validity,Validates that numeric values fall within acceptable business ranges,C2,2025-02-16,16438,16247,10,2,1,0,3,0,10,2,0.16666666666666666,0.0,0.0,0.16666666666666666,equal,RECORD
PROCUREMENT_SYSTEM,tenant_003,ds009,Vendor Information,7,QUALITY_SCORE,DATASET,Overall,Calculates overall data quality score based on multiple rule assessments,C4,2024-11-29,18573,17531,17,5,0,1,3,1,17,5,0.22727272727272727,1.0,0.25,0.22727272727272727,up,ATTRIBUTE
ORDER_SYSTEM,tenant_003,ds010,Order Management,7,QUALITY_SCORE,DATASET,Overall,Calculates overall data quality score based on multiple rule assessments,C4,2025-05-08,14174,12623,11,5,0,1,4,3,11,5,0.3125,1.0,0.42857142857142855,0.3125,up,ATTRIBUTE
FINANCE_SYSTEM,tenant_001,ds006,Financial Accounts,1,COMPLETENESS_CHECK,ATTRIBUTE,Completeness,Validates that required fields are populated and not null or empty,C1,2024-10-02,8159,6998,13,3,1,0,4,1,13,3,0.1875,0.0,0.2,0.1875,down,RECORD
MARKETING_SYSTEM,tenant_001,ds007,Marketing Campaigns,2,DATE_FORMAT_VALIDATION,ATTRIBUTE,Correctness,Ensures date fields follow standard ISO format (YYYY-MM-DD),C1,2025-02-18,23257,23168,10,4,0,0,5,0,10,4,0.2857142857142857,0.0,0.0,0.2857142857142857,equal,DATASET
LOGISTICS_SYSTEM,tenant_003,ds011,Shipping Records,6,DUPLICATE_DETECTION,DATASET,Uniqueness,Identifies duplicate records based on business key combinations,C3,2025-03-18,10734,10003,16,2,1,0,3,0,16,2,0.1111111111111111,0.0,0.0,0.1111111111111111,equal,ATTRIBUTE
SUPPORT_SYSTEM,tenant_002,ds008,Support Tickets,2,DATE_FORMAT_VALIDATION,ATTRIBUTE,Correctness,Ensures date fields follow standard ISO format (YYYY-MM-DD),C1,2024-07-15,28268,28099,14,6,0,0,2,3,14,6,0.3,0.0,0.6,0.3,down,ATTRIBUTE
QMS_SYSTEM,tenant_001,ds012,Quality Metrics,3,RANGE_CHECK,BUSINESS_RULE,Validity,Validates that numeric values fall within acceptable business ranges,C2,2024-12-31,42373,35718,14,3,1,0,4,2,14,3,0.17647058823529413,0.0,0.3333333333333333,0.17647058823529413,down,DATASET
FINANCE_SYSTEM,tenant_003,ds006,Financial Accounts,3,RANGE_CHECK,BUSINESS_RULE,Validity,Validates that numeric values fall within acceptable business ranges,C2,2025-04-11,42273,35344,14,5,0,1,1,4,14,5,0.2631578947368421,1.0,0.8,0.2631578947368421,up,DATASET
LOGISTICS_SYSTEM,tenant_003,ds011,Shipping Records,5,FOREIGN_KEY_CHECK,DATASET,Integrity,Validates that foreign key references exist in master data tables,C3,2024-07-15,16239,13725,13,7,2,0,6,2,13,7,0.35,0.0,0.25,0.35,down,DATASET
ASSET_SYSTEM,tenant_003,ds014,Asset Management,7,QUALITY_SCORE,DATASET,Overall,Calculates overall data quality score based on multiple rule assessments,C4,2024-07-30,25096,22609,12,4,0,0,0,1,12,4,0.25,0.0,1.0,0.25,down,RECORD
COMPLIANCE_SYSTEM,tenant_001,ds013,Compliance Data,4,CROSS_FIELD_VALIDATION,BUSINESS_RULE,Consistency,Ensures consistency between related fields across records,C2,2024-12-27,1251,1018,13,7,0,1,1,2,13,7,0.35,1.0,0.6666666666666666,0.35,up,DATASET
ORDER_SYSTEM,tenant_003,ds010,Order Management,5,FOREIGN_KEY_CHECK,DATASET,Integrity,Validates that foreign key references exist in master data tables,C3,2025-02-10,49271,47681,12,5,1,0,4,1,12,5,0.29411764705882354,0.0,0.2,0.29411764705882354,down,RECORD
POS_SYSTEM,tenant_003,ds003,Sales Transactions,1,COMPLETENESS_CHECK,ATTRIBUTE,Completeness,Validates that required fields are populated and not null or empty,C1,2025-05-15,33981,33044,10,7,0,0,3,2,10,7,0.4117647058823529,0.0,0.4,0.4117647058823529,down,DATASET
CRM_SYSTEM,tenant_003,ds001,Customer Master Data,7,QUALITY_SCORE,DATASET,Overall,Calculates overall data quality score based on multiple rule assessments,C4,2025-06-18,4358,3651,12,5,2,2,3,4,12,5,0.29411764705882354,0.5,0.5714285714285714,0.29411764705882354,down,RECORD
SUPPORT_SYSTEM,tenant_002,ds008,Support Tickets,1,COMPLETENESS_CHECK,ATTRIBUTE,Completeness,Validates that required fields are populated and not null or empty,C1,2024-08-03,9381,9351,14,4,1,0,2,0,14,4,0.2222222222222222,0.0,0.0,0.2222222222222222,equal,RECORD
CRM_SYSTEM,tenant_001,ds001,Customer Master Data,3,RANGE_CHECK,BUSINESS_RULE,Validity,Validates that numeric values fall within acceptable business ranges,C2,2024-12-26,10126,8737,7,4,0,0,2,0,7,4,0.36363636363636365,0.0,0.0,0.36363636363636365,equal,RECORD
FINANCE_SYSTEM,tenant_002,ds006,Financial Accounts,6,DUPLICATE_DETECTION,DATASET,Uniqueness,Identifies duplicate records based on business key combinations,C3,2025-02-18,47441,40500,10,6,0,2,0,2,10,6,0.375,1.0,1.0,0.375,equal,RECORD
ERP_SYSTEM,tenant_002,ds002,Product Catalog,1,COMPLETENESS_CHECK,ATTRIBUTE,Completeness,Validates that required fields are populated and not null or empty,C1,2025-06-03,45278,42597,13,5,1,0,2,0,13,5,0.2777777777777778,0.0,0.0,0.2777777777777778,equal,DATASET
ASSET_SYSTEM,tenant_001,ds014,Asset Management,2,DATE_FORMAT_VALIDATION,ATTRIBUTE,Correctness,Ensures date fields follow standard ISO format (YYYY-MM-DD),C1,2025-05-26,22232,20207,8,5,1,0,2,1,8,5,0.38461538461538464,0.0,0.3333333333333333,0.38461538461538464,down,RECORD
QMS_SYSTEM,tenant_001,ds012,Quality Metrics,4,CROSS_FIELD_VALIDATION,BUSINESS_RULE,Consistency,Ensures consistency between related fields across records,C2,2025-01-29,49844,46949,13,7,0,1,2,1,13,7,0.35,1.0,0.3333333333333333,0.35,up,ATTRIBUTE
ERP_SYSTEM,tenant_002,ds002,Product Catalog,4,CROSS_FIELD_VALIDATION,BUSINESS_RULE,Consistency,Ensures consistency between related fields across records,C2,2025-03-06,45661,44909,14,4,1,0,4,0,14,4,0.2222222222222222,0.0,0.0,0.2222222222222222,equal,RECORD
MARKETING_SYSTEM,tenant_003,ds007,Marketing Campaigns,5,FOREIGN_KEY_CHECK,DATASET,Integrity,Validates that foreign key references exist in master data tables,C3,2024-10-01,46779,43132,7,3,0,0,2,0,7,3,0.3,0.0,0.0,0.3,equal,RECORD
PROCUREMENT_SYSTEM,tenant_001,ds009,Vendor Information,5,FOREIGN_KEY_CHECK,DATASET,Integrity,Validates that foreign key references exist in master data tables,C3,2025-03-31,18698,15998,9,3,2,0,3,1,9,3,0.25,0.0,0.25,0.25,down,ATTRIBUTE
ERP_SYSTEM,tenant_003,ds002,Product Catalog,2,DATE_FORMAT_VALIDATION,ATTRIBUTE,Correctness,Ensures date fields follow standard ISO format (YYYY-MM-DD),C1,2025-06-05,13395,12667,15,5,4,0,7,1,15,5,0.25,0.0,0.125,0.25,down,RECORD
COMPLIANCE_SYSTEM,tenant_003,ds013,Compliance Data,4,CROSS_FIELD_VALIDATION,BUSINESS_RULE,Consistency,Ensures consistency between related fields across records,C2,2025-02-27,26197,25533,13,4,2,0,3,0,13,4,0.23529411764705882,0.0,0.0,0.23529411764705882,equal,RECORD
COMPLIANCE_SYSTEM,tenant_001,ds013,Compliance Data,1,COMPLETENESS_CHECK,ATTRIBUTE,Completeness,Validates that required fields are populated and not null or empty,C1,2025-06-13,17630,16121,19,1,3,0,7,0,19,1,0.05,0.0,0.0,0.05,equal,RECORD
HR_SYSTEM,tenant_001,ds005,Employee Directory,6,DUPLICATE_DETECTION,DATASET,Uniqueness,Identifies duplicate records based on business key combinations,C3,2024-09-21,2212,1814,14,4,1,0,3,0,14,4,0.2222222222222222,0.0,0.0,0.2222222222222222,equal,DATASET
WMS_SYSTEM,tenant_003,ds004,Inventory Records,7,QUALITY_SCORE,DATASET,Overall,Calculates overall data quality score based on multiple rule assessments,C4,2024-12-11,1363,1214,14,3,0,0,1,0,14,3,0.17647058823529413,0.0,0.0,0.17647058823529413,equal,DATASET
ASSET_SYSTEM,tenant_002,ds014,Asset Management,4,CROSS_FIELD_VALIDATION,BUSINESS_RULE,Consistency,Ensures consistency between related fields across records,C2,2024-08-31,22383,20876,12,8,1,1,2,2,12,8,0.4,0.5,0.5,0.4,equal,DATASET
ERP_SYSTEM,tenant_001,ds002,Product Catalog,7,QUALITY_SCORE,DATASET,Overall,Calculates overall data quality score based on multiple rule assessments,C4,2024-09-12,3079,2610,13,4,1,0,2,1,13,4,0.23529411764705882,0.0,0.3333333333333333,0.23529411764705882,down,RECORD
POS_SYSTEM,tenant_001,ds003,Sales Transactions,4,CROSS_FIELD_VALIDATION,BUSINESS_RULE,Consistency,Ensures consistency between related fields across records,C2,2024-12-01,37791,37004,10,2,0,1,0,2,10,2,0.16666666666666666,1.0,1.0,0.16666666666666666,equal,RECORD
COMPLIANCE_SYSTEM,tenant_001,ds013,Compliance Data,7,QUALITY_SCORE,DATASET,Overall,Calculates overall data quality score based on multiple rule assessments,C4,2024-12-24,47447,46745,10,6,0,1,0,2,10,6,0.375,1.0,1.0,0.375,equal,RECORD
PROCUREMENT_SYSTEM,tenant_002,ds009,Vendor Information,6,DUPLICATE_DETECTION,DATASET,Uniqueness,Identifies duplicate records based on business key combinations,C3,2024-09-05,4121,3499,13,4,1,0,1,2,13,4,0.23529411764705882,0.0,0.6666666666666666,0.23529411764705882,down,RECORD
ASSET_SYSTEM,tenant_002,ds014,Asset Management,2,DATE_FORMAT_VALIDATION,ATTRIBUTE,Correctness,Ensures date fields follow standard ISO format (YYYY-MM-DD),C1,2024-09-23,21548,20599,12,7,0,2,0,3,12,7,0.3684210526315789,1.0,1.0,0.3684210526315789,equal,DATASET
ORDER_SYSTEM,tenant_003,ds010,Order Management,6,DUPLICATE_DETECTION,DATASET,Uniqueness,Identifies duplicate records based on business key combinations,C3,2024-07-02,20177,18489,9,1,1,0,5,0,9,1,0.1,0.0,0.0,0.1,equal,DATASET
MARKETING_SYSTEM,tenant_003,ds007,Marketing Campaigns,3,RANGE_CHECK,BUSINESS_RULE,Validity,Validates that numeric values fall within acceptable business ranges,C2,2024-12-30,43088,39645,13,6,2,1,4,1,13,6,0.3157894736842105,0.3333333333333333,0.2,0.3157894736842105,up,DATASET
HR_SYSTEM,tenant_001,ds005,Employee Directory,4,CROSS_FIELD_VALIDATION,BUSINESS_RULE,Consistency,Ensures consistency between related fields across records,C2,2025-01-18,5642,5299,9,6,0,0,2,1,9,6,0.4,0.0,0.3333333333333333,0.4,down,ATTRIBUTE
MARKETING_SYSTEM,tenant_001,ds007,Marketing Campaigns,5,FOREIGN_KEY_CHECK,DATASET,Integrity,Validates that foreign key references exist in master data tables,C3,2024-11-16,27670,22548,9,5,0,0,4,1,9,5,0.35714285714285715,0.0,0.2,0.35714285714285715,down,ATTRIBUTE
PPM_SYSTEM,tenant_002,ds015,Project Portfolio,7,QUALITY_SCORE,DATASET,Overall,Calculates overall data quality score based on multiple rule assessments,C4,2025-01-01,10763,9310,10,5,0,0,3,0,10,5,0.3333333333333333,0.0,0.0,0.3333333333333333,equal,ATTRIBUTE
FINANCE_SYSTEM,tenant_003,ds006,Financial Accounts,7,QUALITY_SCORE,DATASET,Overall,Calculates overall data quality score based on multiple rule assessments,C4,2024-08-02,38976,35602,7,4,0,1,0,1,7,4,0.36363636363636365,1.0,1.0,0.36363636363636365,equal,RECORD
ERP_SYSTEM,tenant_002,ds002,Product Catalog,3,RANGE_CHECK,BUSINESS_RULE,Validity,Validates that numeric values fall within acceptable business ranges,C2,2025-02-17,7984,6835,11,5,1,0,2,1,11,5,0.3125,0.0,0.3333333333333333,0.3125,down,ATTRIBUTE
PPM_SYSTEM,tenant_001,ds015,Project Portfolio,4,CROSS_FIELD_VALIDATION,BUSINESS_RULE,Consistency,Ensures consistency between related fields across records,C2,2025-02-05,49270,40003,15,5,0,0,3,2,15,5,0.25,0.0,0.4,0.25,down,DATASET
FINANCE_SYSTEM,tenant_001,ds006,Financial Accounts,6,DUPLICATE_DETECTION,DATASET,Uniqueness,Identifies duplicate records based on business key combinations,C3,2025-01-13,34997,32306,11,3,1,1,1,1,11,3,0.21428571428571427,0.5,0.5,0.21428571428571427,equal,RECORD
ERP_SYSTEM,tenant_003,ds002,Product Catalog,1,COMPLETENESS_CHECK,ATTRIBUTE,Completeness,Validates that required fields are populated and not null or empty,C1,2025-06-16,36853,36628,13,6,3,1,7,2,13,6,0.3157894736842105,0.25,0.2222222222222222,0.3157894736842105,equal,ATTRIBUTE
ERP_SYSTEM,tenant_003,ds002,Product Catalog,4,CROSS_FIELD_VALIDATION,BUSINESS_RULE,Consistency,Ensures consistency between related fields across records,C2,2025-01-17,21435,18797,9,4,1,0,1,0,9,4,0.3076923076923077,0.0,0.0,0.3076923076923077,equal,DATASET
MARKETING_SYSTEM,tenant_001,ds007,Marketing Campaigns,7,QUALITY_SCORE,DATASET,Overall,Calculates overall data quality score based on multiple rule assessments,C4,2024-12-09,40493,38551,11,6,0,0,2,0,11,6,0.35294117647058826,0.0,0.0,0.35294117647058826,equal,ATTRIBUTE
WMS_SYSTEM,tenant_003,ds004,Inventory Records,1,COMPLETENESS_CHECK,ATTRIBUTE,Completeness,Validates that required fields are populated and not null or empty,C1,2024-11-08,7446,6740,16,6,1,0,4,1,16,6,0.2727272727272727,0.0,0.2,0.2727272727272727,down,DATASET
SUPPORT_SYSTEM,tenant_003,ds008,Support Tickets,1,COMPLETENESS_CHECK,ATTRIBUTE,Completeness,Validates that required fields are populated and not null or empty,C1,2025-04-02,21570,20094,15,2,0,0,3,0,15,2,0.11764705882352941,0.0,0.0,0.11764705882352941,equal,ATTRIBUTE
QMS_SYSTEM,tenant_001,ds012,Quality Metrics,6,DUPLICATE_DETECTION,DATASET,Uniqueness,Identifies duplicate records based on business key combinations,C3,2025-03-02,17324,16290,14,4,2,0,4,0,14,4,0.2222222222222222,0.0,0.0,0.2222222222222222,equal,ATTRIBUTE
FINANCE_SYSTEM,tenant_002,ds006,Financial Accounts,2,DATE_FORMAT_VALIDATION,ATTRIBUTE,Correctness,Ensures date fields follow standard ISO format (YYYY-MM-DD),C1,2025-01-03,37842,31256,14,5,0,1,1,2,14,5,0.2631578947368421,1.0,0.6666666666666666,0.2631578947368421,up,ATTRIBUTE
CRM_SYSTEM,tenant_003,ds001,Customer Master Data,4,CROSS_FIELD_VALIDATION,BUSINESS_RULE,Consistency,Ensures consistency between related fields across records,C2,2024-12-17,39526,32637,11,3,0,0,1,0,11,3,0.21428571428571427,0.0,0.0,0.21428571428571427,equal,DATASET
MARKETING_SYSTEM,tenant_003,ds007,Marketing Campaigns,1,COMPLETENESS_CHECK,ATTRIBUTE,Completeness,Validates that required fields are populated and not null or empty,C1,2025-03-29,34697,28904,14,3,2,0,4,1,14,3,0.17647058823529413,0.0,0.2,0.17647058823529413,down,RECORD
HR_SYSTEM,tenant_002,ds005,Employee Directory,7,QUALITY_SCORE,DATASET,Overall,Calculates overall data quality score based on multiple rule assessments,C4,2024-11-25,21114,16938,8,4,1,0,2,1,8,4,0.3333333333333333,0.0,0.3333333333333333,0.3333333333333333,down,RECORD
PPM_SYSTEM,tenant_001,ds015,Project Portfolio,3,RANGE_CHECK,BUSINESS_RULE,Validity,Validates that numeric values fall within acceptable business ranges,C2,2025-03-01,33349,30282,13,3,1,0,4,0,13,3,0.1875,0.0,0.0,0.1875,equal,ATTRIBUTE
ERP_SYSTEM,tenant_003,ds002,Product Catalog,3,RANGE_CHECK,BUSINESS_RULE,Validity,Validates that numeric values fall within acceptable business ranges,C2,2024-10-31,44128,35320,17,4,1,1,4,2,17,4,0.19047619047619047,0.5,0.3333333333333333,0.19047619047619047,up,ATTRIBUTE
COMPLIANCE_SYSTEM,tenant_001,ds013,Compliance Data,3,RANGE_CHECK,BUSINESS_RULE,Validity,Validates that numeric values fall within acceptable business ranges,C2,2024-12-09,7367,6779,16,2,1,0,2,0,16,2,0.1111111111111111,0.0,0.0,0.1111111111111111,equal,DATASET
FINANCE_SYSTEM,tenant_003,ds006,Financial Accounts,1,COMPLETENESS_CHECK,ATTRIBUTE,Completeness,Validates that required fields are populated and not null or empty,C1,2025-05-29,31551,30213,11,6,4,1,5,1,11,6,0.35294117647058826,0.2,0.16666666666666666,0.35294117647058826,equal,DATASET
ORDER_SYSTEM,tenant_001,ds010,Order Management,2,DATE_FORMAT_VALIDATION,ATTRIBUTE,Correctness,Ensures date fields follow standard ISO format (YYYY-MM-DD),C1,2024-09-22,39513,33028,14,8,2,0,4,1,14,8,0.36363636363636365,0.0,0.2,0.36363636363636365,down,DATASET
PPM_SYSTEM,tenant_001,ds015,Project Portfolio,2,DATE_FORMAT_VALIDATION,ATTRIBUTE,Correctness,Ensures date fields follow standard ISO format (YYYY-MM-DD),C1,2025-05-03,44661,44363,19,4,3,0,6,0,19,4,0.17391304347826086,0.0,0.0,0.17391304347826086,equal,ATTRIBUTE
ORDER_SYSTEM,tenant_002,ds010,Order Management,4,CROSS_FIELD_VALIDATION,BUSINESS_RULE,Consistency,Ensures consistency between related fields across records,C2,2025-06-23,2603,2369,10,5,0,1,3,2,10,5,0.3333333333333333,1.0,0.4,0.3333333333333333,up,DATASET
POS_SYSTEM,tenant_002,ds003,Sales Transactions,7,QUALITY_SCORE,DATASET,Overall,Calculates overall data quality score based on multiple rule assessments,C4,2024-12-20,9258,8400,11,4,1,1,2,2,11,4,0.26666666666666666,0.5,0.5,0.26666666666666666,equal,DATASET
FINANCE_SYSTEM,tenant_003,ds006,Financial Accounts,5,FOREIGN_KEY_CHECK,DATASET,Integrity,Validates that foreign key references exist in master data tables,C3,2025-04-18,33734,31809,13,2,1,1,4,2,13,2,0.13333333333333333,0.5,0.3333333333333333,0.13333333333333333,up,RECORD
ERP_SYSTEM,tenant_003,ds002,Product Catalog,5,FOREIGN_KEY_CHECK,DATASET,Integrity,Validates that foreign key references exist in master data tables,C3,2024-07-29,36093,31864,17,3,2,1,3,1,17,3,0.15,0.3333333333333333,0.25,0.15,up,ATTRIBUTE
CRM_SYSTEM,tenant_002,ds001,Customer Master Data,1,COMPLETENESS_CHECK,ATTRIBUTE,Completeness,Validates that required fields are populated and not null or empty,C1,2025-02-08,14826,11932,8,7,0,0,2,2,8,7,0.4666666666666667,0.0,0.5,0.4666666666666667,down,ATTRIBUTE
ERP_SYSTEM,tenant_001,ds002,Product Catalog,5,FOREIGN_KEY_CHECK,DATASET,Integrity,Validates that foreign key references exist in master data tables,C3,2025-06-02,39831,35710,15,6,2,0,4,0,15,6,0.2857142857142857,0.0,0.0,0.2857142857142857,equal,RECORD
SUPPORT_SYSTEM,tenant_001,ds008,Support Tickets,7,QUALITY_SCORE,DATASET,Overall,Calculates overall data quality score based on multiple rule assessments,C4,2024-12-16,15460,13070,19,2,0,0,2,1,19,2,0.09523809523809523,0.0,0.3333333333333333,0.09523809523809523,down,DATASET
CRM_SYSTEM,tenant_003,ds001,Customer Master Data,1,COMPLETENESS_CHECK,ATTRIBUTE,Completeness,Validates that required fields are populated and not null or empty,C1,2024-11-25,4782,4141,16,2,0,0,2,0,16,2,0.1111111111111111,0.0,0.0,0.1111111111111111,equal,ATTRIBUTE
WMS_SYSTEM,tenant_002,ds004,Inventory Records,5,FOREIGN_KEY_CHECK,DATASET,Integrity,Validates that foreign key references exist in master data tables,C3,2025-05-13,38787,32136,18,4,0,0,2,1,18,4,0.18181818181818182,0.0,0.3333333333333333,0.18181818181818182,down,RECORD
SUPPORT_SYSTEM,tenant_001,ds008,Support Tickets,4,CROSS_FIELD_VALIDATION,BUSINESS_RULE,Consistency,Ensures consistency between related fields across records,C2,2025-02-03,10404,9391,17,4,1,1,3,1,17,4,0.19047619047619047,0.5,0.25,0.19047619047619047,up,DATASET
LOGISTICS_SYSTEM,tenant_002,ds011,Shipping Records,4,CROSS_FIELD_VALIDATION,BUSINESS_RULE,Consistency,Ensures consistency between related fields across records,C2,2025-04-21,13961,12046,10,7,0,0,1,2,10,7,0.4117647058823529,0.0,0.6666666666666666,0.4117647058823529,down,DATASET
SUPPORT_SYSTEM,tenant_003,ds008,Support Tickets,3,RANGE_CHECK,BUSINESS_RULE,Validity,Validates that numeric values fall within acceptable business ranges,C2,2024-07-27,24888,19925,15,3,1,1,1,2,15,3,0.16666666666666666,0.5,0.6666666666666666,0.16666666666666666,down,ATTRIBUTE
ERP_SYSTEM,tenant_002,ds002,Product Catalog,6,DUPLICATE_DETECTION,DATASET,Uniqueness,Identifies duplicate records based on business key combinations,C3,2025-06-07,34294,28035,10,5,1,0,3,0,10,5,0.3333333333333333,0.0,0.0,0.3333333333333333,equal,ATTRIBUTE
HR_SYSTEM,tenant_001,ds005,Employee Directory,7,QUALITY_SCORE,DATASET,Overall,Calculates overall data quality score based on multiple rule assessments,C4,2025-06-22,23133,22621,14,6,1,1,3,2,14,6,0.3,0.5,0.4,0.3,up,DATASET
ASSET_SYSTEM,tenant_003,ds014,Asset Management,6,DUPLICATE_DETECTION,DATASET,Uniqueness,Identifies duplicate records based on business key combinations,C3,2025-06-22,42345,36925,11,4,1,1,3,1,11,4,0.26666666666666666,0.5,0.25,0.26666666666666666,up,RECORD
COMPLIANCE_SYSTEM,tenant_002,ds013,Compliance Data,1,COMPLETENESS_CHECK,ATTRIBUTE,Completeness,Validates that required fields are populated and not null or empty,C1,2025-03-13,31928,29790,11,5,0,0,2,4,11,5,0.3125,0.0,0.6666666666666666,0.3125,down,ATTRIBUTE
FINANCE_SYSTEM,tenant_003,ds006,Financial Accounts,6,DUPLICATE_DETECTION,DATASET,Uniqueness,Identifies duplicate records based on business key combinations,C3,2024-09-02,24007,22586,16,1,0,0,3,1,16,1,0.058823529411764705,0.0,0.25,0.058823529411764705,down,ATTRIBUTE
FINANCE_SYSTEM,tenant_002,ds006,Financial Accounts,1,COMPLETENESS_CHECK,ATTRIBUTE,Completeness,Validates that required fields are populated and not null or empty,C1,2025-03-06,45855,37973,13,2,2,1,7,1,13,2,0.13333333333333333,0.3333333333333333,0.125,0.13333333333333333,up,DATASET
COMPLIANCE_SYSTEM,tenant_002,ds013,Compliance Data,7,QUALITY_SCORE,DATASET,Overall,Calculates overall data quality score based on multiple rule assessments,C4,2025-05-13,31676,25569,12,3,1,0,2,1,12,3,0.2,0.0,0.3333333333333333,0.2,down,ATTRIBUTE
ORDER_SYSTEM,tenant_002,ds010,Order Management,6,DUPLICATE_DETECTION,DATASET,Uniqueness,Identifies duplicate records based on business key combinations,C3,2024-10-02,46756,43435,10,3,1,0,4,0,10,3,0.23076923076923078,0.0,0.0,0.23076923076923078,equal,DATASET
LOGISTICS_SYSTEM,tenant_003,ds011,Shipping Records,7,QUALITY_SCORE,DATASET,Overall,Calculates overall data quality score based on multiple rule assessments,C4,2024-12-20,49795,40423,17,6,1,0,9,2,17,6,0.2608695652173913,0.0,0.18181818181818182,0.2608695652173913,down,ATTRIBUTE
ASSET_SYSTEM,tenant_001,ds014,Asset Management,5,FOREIGN_KEY_CHECK,DATASET,Integrity,Validates that foreign key references exist in master data tables,C3,2024-12-05,18422,16206,13,5,0,0,3,1,13,5,0.2777777777777778,0.0,0.25,0.2777777777777778,down,ATTRIBUTE
MARKETING_SYSTEM,tenant_002,ds007,Marketing Campaigns,2,DATE_FORMAT_VALIDATION,ATTRIBUTE,Correctness,Ensures date fields follow standard ISO format (YYYY-MM-DD),C1,2024-09-10,39550,37731,9,3,0,0,3,0,9,3,0.25,0.0,0.0,0.25,equal,ATTRIBUTE
HR_SYSTEM,tenant_002,ds005,Employee Directory,1,COMPLETENESS_CHECK,ATTRIBUTE,Completeness,Validates that required fields are populated and not null or empty,C1,2024-06-27,6449,5631,12,4,0,0,2,1,12,4,0.25,0.0,0.3333333333333333,0.25,down,ATTRIBUTE
FINANCE_SYSTEM,tenant_001,ds006,Financial Accounts,4,CROSS_FIELD_VALIDATION,BUSINESS_RULE,Consistency,Ensures consistency between related fields across records,C2,2024-07-23,5097,4990,14,2,1,0,2,0,14,2,0.125,0.0,0.0,0.125,equal,ATTRIBUTE
SUPPORT_SYSTEM,tenant_003,ds008,Support Tickets,4,CROSS_FIELD_VALIDATION,BUSINESS_RULE,Consistency,Ensures consistency between related fields across records,C2,2024-08-01,29266,24114,17,5,1,1,3,1,17,5,0.22727272727272727,0.5,0.25,0.22727272727272727,up,ATTRIBUTE
LOGISTICS_SYSTEM,tenant_001,ds011,Shipping Records,2,DATE_FORMAT_VALIDATION,ATTRIBUTE,Correctness,Ensures date fields follow standard ISO format (YYYY-MM-DD),C1,2025-05-05,38395,35893,11,4,0,0,2,0,11,4,0.26666666666666666,0.0,0.0,0.26666666666666666,equal,RECORD
PROCUREMENT_SYSTEM,tenant_002,ds009,Vendor Information,2,DATE_FORMAT_VALIDATION,ATTRIBUTE,Correctness,Ensures date fields follow standard ISO format (YYYY-MM-DD),C1,2025-04-30,10646,9380,10,3,0,0,1,1,10,3,0.23076923076923078,0.0,0.5,0.23076923076923078,down,RECORD
CRM_SYSTEM,tenant_002,ds001,Customer Master Data,2,DATE_FORMAT_VALIDATION,ATTRIBUTE,Correctness,Ensures date fields follow standard ISO format (YYYY-MM-DD),C1,2024-11-20,37562,31866,16,1,1,0,2,0,16,1,0.058823529411764705,0.0,0.0,0.058823529411764705,equal,RECORD
ASSET_SYSTEM,tenant_002,ds014,Asset Management,6,DUPLICATE_DETECTION,DATASET,Uniqueness,Identifies duplicate records based on business key combinations,C3,2024-08-31,41366,40632,12,1,2,0,3,0,12,1,0.07692307692307693,0.0,0.0,0.07692307692307693,equal,RECORD
SUPPORT_SYSTEM,tenant_002,ds008,Support Tickets,7,QUALITY_SCORE,DATASET,Overall,Calculates overall data quality score based on multiple rule assessments,C4,2024-06-30,12087,10122,12,1,0,0,2,0,12,1,0.07692307692307693,0.0,0.0,0.07692307692307693,equal,ATTRIBUTE
PROCUREMENT_SYSTEM,tenant_003,ds009,Vendor Information,1,COMPLETENESS_CHECK,ATTRIBUTE,Completeness,Validates that required fields are populated and not null or empty,C1,2024-12-25,24266,19740,13,7,2,0,4,1,13,7,0.35,0.0,0.2,0.35,down,DATASET
WMS_SYSTEM,tenant_002,ds004,Inventory Records,2,DATE_FORMAT_VALIDATION,ATTRIBUTE,Correctness,Ensures date fields follow standard ISO format (YYYY-MM-DD),C1,2024-12-15,23059,19068,16,2,0,1,3,1,16,2,0.1111111111111111,1.0,0.25,0.1111111111111111,up,ATTRIBUTE
COMPLIANCE_SYSTEM,tenant_003,ds013,Compliance Data,5,FOREIGN_KEY_CHECK,DATASET,Integrity,Validates that foreign key references exist in master data tables,C3,2025-01-30,29613,25720,11,4,0,2,3,2,11,4,0.26666666666666666,1.0,0.4,0.26666666666666666,up,DATASET
ERP_SYSTEM,tenant_001,ds002,Product Catalog,3,RANGE_CHECK,BUSINESS_RULE,Validity,Validates that numeric values fall within acceptable business ranges,C2,2025-03-08,21794,18354,17,5,2,2,3,3,17,5,0.22727272727272727,0.5,0.5,0.22727272727272727,equal,ATTRIBUTE
LOGISTICS_SYSTEM,tenant_002,ds011,Shipping Records,1,COMPLETENESS_CHECK,ATTRIBUTE,Completeness,Validates that required fields are populated and not null or empty,C1,2025-06-10,6080,5109,12,4,1,0,4,0,12,4,0.25,0.0,0.0,0.25,equal,DATASET
WMS_SYSTEM,tenant_003,ds004,Inventory Records,4,CROSS_FIELD_VALIDATION,BUSINESS_RULE,Consistency,Ensures consistency between related fields across records,C2,2024-07-29,48854,40514,16,2,0,1,4,1,16,2,0.1111111111111111,1.0,0.2,0.1111111111111111,up,ATTRIBUTE
COMPLIANCE_SYSTEM,tenant_003,ds013,Compliance Data,3,RANGE_CHECK,BUSINESS_RULE,Validity,Validates that numeric values fall within acceptable business ranges,C2,2025-04-11,31463,26447,16,6,2,1,4,2,16,6,0.2727272727272727,0.3333333333333333,0.3333333333333333,0.2727272727272727,equal,RECORD
SUPPORT_SYSTEM,tenant_003,ds008,Support Tickets,6,DUPLICATE_DETECTION,DATASET,Uniqueness,Identifies duplicate records based on business key combinations,C3,2024-12-10,7938,6424,9,8,1,3,2,6,9,8,0.47058823529411764,0.75,0.75,0.47058823529411764,equal,RECORD
LOGISTICS_SYSTEM,tenant_001,ds011,Shipping Records,1,COMPLETENESS_CHECK,ATTRIBUTE,Completeness,Validates that required fields are populated and not null or empty,C1,2024-08-22,46582,42369,18,4,2,0,7,1,18,4,0.18181818181818182,0.0,0.125,0.18181818181818182,down,ATTRIBUTE
FINANCE_SYSTEM,tenant_003,ds006,Financial Accounts,4,CROSS_FIELD_VALIDATION,BUSINESS_RULE,Consistency,Ensures consistency between related fields across records,C2,2024-08-22,27350,26215,12,8,2,0,2,4,12,8,0.4,0.0,0.6666666666666666,0.4,down,ATTRIBUTE
POS_SYSTEM,tenant_001,ds003,Sales Transactions,5,FOREIGN_KEY_CHECK,DATASET,Integrity,Validates that foreign key references exist in master data tables,C3,2024-08-16,46396,43178,9,1,0,0,0,0,9,1,0.1,0.0,0.0,0.1,equal,DATASET
LOGISTICS_SYSTEM,tenant_002,ds011,Shipping Records,3,RANGE_CHECK,BUSINESS_RULE,Validity,Validates that numeric values fall within acceptable business ranges,C2,2025-04-08,18571,18030,11,3,2,0,4,0,11,3,0.21428571428571427,0.0,0.0,0.21428571428571427,equal,DATASET
PROCUREMENT_SYSTEM,tenant_001,ds009,Vendor Information,2,DATE_FORMAT_VALIDATION,ATTRIBUTE,Correctness,Ensures date fields follow standard ISO format (YYYY-MM-DD),C1,2024-10-23,25659,21638,8,10,0,0,2,0,8,10,0.5555555555555556,0.0,0.0,0.5555555555555556,equal,ATTRIBUTE
CRM_SYSTEM,tenant_001,ds001,Customer Master Data,7,QUALITY_SCORE,DATASET,Overall,Calculates overall data quality score based on multiple rule assessments,C4,2024-08-03,27604,25073,9,7,0,0,0,0,9,7,0.4375,0.0,0.0,0.4375,equal,ATTRIBUTE
QMS_SYSTEM,tenant_001,ds012,Quality Metrics,2,DATE_FORMAT_VALIDATION,ATTRIBUTE,Correctness,Ensures date fields follow standard ISO format (YYYY-MM-DD),C1,2024-12-24,5516,4896,14,3,2,1,2,2,14,3,0.17647058823529413,0.3333333333333333,0.5,0.17647058823529413,down,DATASET
HR_SYSTEM,tenant_003,ds005,Employee Directory,1,COMPLETENESS_CHECK,ATTRIBUTE,Completeness,Validates that required fields are populated and not null or empty,C1,2025-06-07,21066,20009,15,4,2,1,4,1,15,4,0.21052631578947367,0.3333333333333333,0.2,0.21052631578947367,up,RECORD
ORDER_SYSTEM,tenant_001,ds010,Order Management,1,COMPLETENESS_CHECK,ATTRIBUTE,Completeness,Validates that required fields are populated and not null or empty,C1,2024-06-26,5082,4414,15,7,2,1,7,2,15,7,0.3181818181818182,0.3333333333333333,0.2222222222222222,0.3181818181818182,up,RECORD
ORDER_SYSTEM,tenant_001,ds010,Order Management,5,FOREIGN_KEY_CHECK,DATASET,Integrity,Validates that foreign key references exist in master data tables,C3,2025-06-20,8390,8227,9,9,0,1,1,1,9,9,0.5,1.0,0.5,0.5,up,DATASET
COMPLIANCE_SYSTEM,tenant_001,ds013,Compliance Data,2,DATE_FORMAT_VALIDATION,ATTRIBUTE,Correctness,Ensures date fields follow standard ISO format (YYYY-MM-DD),C1,2024-07-06,5691,5573,19,2,3,1,4,2,19,2,0.09523809523809523,0.25,0.3333333333333333,0.09523809523809523,down,RECORD
COMPLIANCE_SYSTEM,tenant_003,ds013,Compliance Data,7,QUALITY_SCORE,DATASET,Overall,Calculates overall data quality score based on multiple rule assessments,C4,2024-09-07,48656,45901,11,5,0,0,4,0,11,5,0.3125,0.0,0.0,0.3125,equal,ATTRIBUTE
ASSET_SYSTEM,tenant_002,ds014,Asset Management,3,RANGE_CHECK,BUSINESS_RULE,Validity,Validates that numeric values fall within acceptable business ranges,C2,2024-09-29,10157,10064,10,5,0,0,2,1,10,5,0.3333333333333333,0.0,0.3333333333333333,0.3333333333333333,down,ATTRIBUTE
ORDER_SYSTEM,tenant_003,ds010,Order Management,2,DATE_FORMAT_VALIDATION,ATTRIBUTE,Correctness,Ensures date fields follow standard ISO format (YYYY-MM-DD),C1,2024-07-01,27411,25321,15,7,3,0,6,1,15,7,0.3181818181818182,0.0,0.14285714285714285,0.3181818181818182,down,RECORD
QMS_SYSTEM,tenant_002,ds012,Quality Metrics,1,COMPLETENESS_CHECK,ATTRIBUTE,Completeness,Validates that required fields are populated and not null or empty,C1,2024-12-04,2189,1808,12,2,1,0,5,0,12,2,0.14285714285714285,0.0,0.0,0.14285714285714285,equal,RECORD
QMS_SYSTEM,tenant_002,ds012,Quality Metrics,3,RANGE_CHECK,BUSINESS_RULE,Validity,Validates that numeric values fall within acceptable business ranges,C2,2024-09-02,26294,21656,7,7,1,1,2,3,7,7,0.5,0.5,0.6,0.5,down,ATTRIBUTE
MARKETING_SYSTEM,tenant_001,ds007,Marketing Campaigns,6,DUPLICATE_DETECTION,DATASET,Uniqueness,Identifies duplicate records based on business key combinations,C3,2024-12-31,16319,15646,15,2,1,0,4,0,15,2,0.11764705882352941,0.0,0.0,0.11764705882352941,equal,ATTRIBUTE
LOGISTICS_SYSTEM,tenant_001,ds011,Shipping Records,6,DUPLICATE_DETECTION,DATASET,Uniqueness,Identifies duplicate records based on business key combinations,C3,2025-01-16,13366,12149,10,1,0,0,2,1,10,1,0.09090909090909091,0.0,0.3333333333333333,0.09090909090909091,down,RECORD
CRM_SYSTEM,tenant_002,ds001,Customer Master Data,4,CROSS_FIELD_VALIDATION,BUSINESS_RULE,Consistency,Ensures consistency between related fields across records,C2,2024-09-27,2415,2231,17,5,0,1,1,1,17,5,0.22727272727272727,1.0,0.5,0.22727272727272727,up,ATTRIBUTE
HR_SYSTEM,tenant_003,ds005,Employee Directory,4,CROSS_FIELD_VALIDATION,BUSINESS_RULE,Consistency,Ensures consistency between related fields across records,C2,2024-10-17,15434,14002,18,3,3,0,6,0,18,3,0.14285714285714285,0.0,0.0,0.14285714285714285,equal,ATTRIBUTE
SUPPORT_SYSTEM,tenant_003,ds008,Support Tickets,7,QUALITY_SCORE,DATASET,Overall,Calculates overall data quality score based on multiple rule assessments,C4,2025-06-20,17401,15298,17,5,3,0,5,1,17,5,0.22727272727272727,0.0,0.16666666666666666,0.22727272727272727,down,ATTRIBUTE
MARKETING_SYSTEM,tenant_001,ds007,Marketing Campaigns,4,CROSS_FIELD_VALIDATION,BUSINESS_RULE,Consistency,Ensures consistency between related fields across records,C2,2024-07-16,46213,39492,12,1,2,0,3,0,12,1,0.07692307692307693,0.0,0.0,0.07692307692307693,equal,ATTRIBUTE
HR_SYSTEM,tenant_003,ds005,Employee Directory,7,QUALITY_SCORE,DATASET,Overall,Calculates overall data quality score based on multiple rule assessments,C4,2024-09-09,19906,17894,16,7,0,0,0,1,16,7,0.30434782608695654,0.0,1.0,0.30434782608695654,down,ATTRIBUTE
WMS_SYSTEM,tenant_003,ds004,Inventory Records,3,RANGE_CHECK,BUSINESS_RULE,Validity,Validates that numeric values fall within acceptable business ranges,C2,2024-11-02,31216,29145,13,6,0,1,3,2,13,6,0.3157894736842105,1.0,0.4,0.3157894736842105,up,RECORD
ORDER_SYSTEM,tenant_003,ds010,Order Management,3,RANGE_CHECK,BUSINESS_RULE,Validity,Validates that numeric values fall within acceptable business ranges,C2,2025-04-07,13681,11881,12,3,1,0,4,0,12,3,0.2,0.0,0.0,0.2,equal,DATASET
SUPPORT_SYSTEM,tenant_002,ds008,Support Tickets,4,CROSS_FIELD_VALIDATION,BUSINESS_RULE,Consistency,Ensures consistency between related fields across records,C2,2024-11-23,9444,8134,11,1,1,0,3,0,11,1,0.08333333333333333,0.0,0.0,0.08333333333333333,equal,ATTRIBUTE
SUPPORT_SYSTEM,tenant_001,ds008,Support Tickets,1,COMPLETENESS_CHECK,ATTRIBUTE,Completeness,Validates that required fields are populated and not null or empty,C1,2024-07-15,19486,18821,8,3,0,0,2,0,8,3,0.2727272727272727,0.0,0.0,0.2727272727272727,equal,ATTRIBUTE
MARKETING_SYSTEM,tenant_003,ds007,Marketing Campaigns,7,QUALITY_SCORE,DATASET,Overall,Calculates overall data quality score based on multiple rule assessments,C4,2025-03-20,27804,26146,11,3,0,0,2,0,11,3,0.21428571428571427,0.0,0.0,0.21428571428571427,equal,DATASET
WMS_SYSTEM,tenant_001,ds004,Inventory Records,1,COMPLETENESS_CHECK,ATTRIBUTE,Completeness,Validates that required fields are populated and not null or empty,C1,2024-11-20,18621,15512,12,9,2,2,4,4,12,9,0.42857142857142855,0.5,0.5,0.42857142857142855,equal,RECORD
HR_SYSTEM,tenant_001,ds005,Employee Directory,2,DATE_FORMAT_VALIDATION,ATTRIBUTE,Correctness,Ensures date fields follow standard ISO format (YYYY-MM-DD),C1,2024-09-13,2244,1840,13,1,3,0,3,0,13,1,0.07142857142857142,0.0,0.0,0.07142857142857142,equal,DATASET
CRM_SYSTEM,tenant_001,ds001,Customer Master Data,1,COMPLETENESS_CHECK,ATTRIBUTE,Completeness,Validates that required fields are populated and not null or empty,C1,2024-09-28,34630,32164,14,7,2,1,5,2,14,7,0.3333333333333333,0.3333333333333333,0.2857142857142857,0.3333333333333333,equal,DATASET
CRM_SYSTEM,tenant_003,ds001,Customer Master Data,2,DATE_FORMAT_VALIDATION,ATTRIBUTE,Correctness,Ensures date fields follow standard ISO format (YYYY-MM-DD),C1,2025-06-19,2661,2423,7,1,1,0,1,0,7,1,0.125,0.0,0.0,0.125,equal,DATASET
CRM_SYSTEM,tenant_002,ds001,Customer Master Data,7,QUALITY_SCORE,DATASET,Overall,Calculates overall data quality score based on multiple rule assessments,C4,2024-12-19,31082,30259,9,3,0,1,0,1,9,3,0.25,1.0,1.0,0.25,equal,RECORD
PPM_SYSTEM,tenant_003,ds015,Project Portfolio,3,RANGE_CHECK,BUSINESS_RULE,Validity,Validates that numeric values fall within acceptable business ranges,C2,2024-09-04,22645,19376,12,2,2,0,5,0,12,2,0.14285714285714285,0.0,0.0,0.14285714285714285,equal,RECORD
MARKETING_SYSTEM,tenant_002,ds007,Marketing Campaigns,7,QUALITY_SCORE,DATASET,Overall,Calculates overall data quality score based on multiple rule assessments,C4,2024-10-11,11774,10160,11,3,1,0,4,1,11,3,0.21428571428571427,0.0,0.2,0.21428571428571427,down,DATASET
PROCUREMENT_SYSTEM,tenant_002,ds009,Vendor Information,7,QUALITY_SCORE,DATASET,Overall,Calculates overall data quality score based on multiple rule assessments,C4,2024-11-23,17685,15208,17,3,0,0,6,0,17,3,0.15,0.0,0.0,0.15,equal,ATTRIBUTE
SUPPORT_SYSTEM,tenant_002,ds008,Support Tickets,5,FOREIGN_KEY_CHECK,DATASET,Integrity,Validates that foreign key references exist in master data tables,C3,2025-02-17,49191,44730,16,4,1,0,3,1,16,4,0.2,0.0,0.25,0.2,down,RECORD
POS_SYSTEM,tenant_002,ds003,Sales Transactions,4,CROSS_FIELD_VALIDATION,BUSINESS_RULE,Consistency,Ensures consistency between related fields across records,C2,2025-06-15,35796,32311,15,2,1,0,5,2,15,2,0.11764705882352941,0.0,0.2857142857142857,0.11764705882352941,down,ATTRIBUTE
PROCUREMENT_SYSTEM,tenant_003,ds009,Vendor Information,2,DATE_FORMAT_VALIDATION,ATTRIBUTE,Correctness,Ensures date fields follow standard ISO format (YYYY-MM-DD),C1,2024-07-09,4498,3736,15,4,1,1,3,3,15,4,0.21052631578947367,0.5,0.5,0.21052631578947367,equal,DATASET
ASSET_SYSTEM,tenant_002,ds014,Asset Management,7,QUALITY_SCORE,DATASET,Overall,Calculates overall data quality score based on multiple rule assessments,C4,2024-12-31,17045,16330,9,2,0,0,0,1,9,2,0.18181818181818182,0.0,1.0,0.18181818181818182,down,DATASET
POS_SYSTEM,tenant_002,ds003,Sales Transactions,1,COMPLETENESS_CHECK,ATTRIBUTE,Completeness,Validates that required fields are populated and not null or empty,C1,2025-04-18,15848,13250,9,3,0,0,4,1,9,3,0.25,0.0,0.2,0.25,down,DATASET
MARKETING_SYSTEM,tenant_001,ds007,Marketing Campaigns,1,COMPLETENESS_CHECK,ATTRIBUTE,Completeness,Validates that required fields are populated and not null or empty,C1,2024-12-03,42435,35665,11,3,3,0,5,0,11,3,0.21428571428571427,0.0,0.0,0.21428571428571427,equal,ATTRIBUTE
LOGISTICS_SYSTEM,tenant_003,ds011,Shipping Records,2,DATE_FORMAT_VALIDATION,ATTRIBUTE,Correctness,Ensures date fields follow standard ISO format (YYYY-MM-DD),C1,2024-08-07,38659,37916,10,6,0,0,1,2,10,6,0.375,0.0,0.6666666666666666,0.375,down,RECORD
PROCUREMENT_SYSTEM,tenant_001,ds009,Vendor Information,1,COMPLETENESS_CHECK,ATTRIBUTE,Completeness,Validates that required fields are populated and not null or empty,C1,2024-12-27,20196,17414,11,4,2,0,2,0,11,4,0.26666666666666666,0.0,0.0,0.26666666666666666,equal,DATASET
COMPLIANCE_SYSTEM,tenant_002,ds013,Compliance Data,4,CROSS_FIELD_VALIDATION,BUSINESS_RULE,Consistency,Ensures consistency between related fields across records,C2,2024-08-30,17477,15191,9,4,0,0,3,0,9,4,0.3076923076923077,0.0,0.0,0.3076923076923077,equal,ATTRIBUTE
QMS_SYSTEM,tenant_003,ds012,Quality Metrics,1,COMPLETENESS_CHECK,ATTRIBUTE,Completeness,Validates that required fields are populated and not null or empty,C1,2024-11-02,37847,36079,8,4,0,0,1,1,8,4,0.3333333333333333,0.0,0.5,0.3333333333333333,down,ATTRIBUTE
CRM_SYSTEM,tenant_002,ds001,Customer Master Data,3,RANGE_CHECK,BUSINESS_RULE,Validity,Validates that numeric values fall within acceptable business ranges,C2,2024-09-11,20309,18551,10,4,1,0,1,1,10,4,0.2857142857142857,0.0,0.5,0.2857142857142857,down,RECORD
COMPLIANCE_SYSTEM,tenant_002,ds013,Compliance Data,6,DUPLICATE_DETECTION,DATASET,Uniqueness,Identifies duplicate records based on business key combinations,C3,2025-04-24,48873,42118,11,6,1,0,3,2,11,6,0.35294117647058826,0.0,0.4,0.35294117647058826,down,ATTRIBUTE
HR_SYSTEM,tenant_002,ds005,Employee Directory,3,RANGE_CHECK,BUSINESS_RULE,Validity,Validates that numeric values fall within acceptable business ranges,C2,2024-08-02,20709,19061,8,3,1,0,2,1,8,3,0.2727272727272727,0.0,0.3333333333333333,0.2727272727272727,down,ATTRIBUTE
ASSET_SYSTEM,tenant_003,ds014,Asset Management,3,RANGE_CHECK,BUSINESS_RULE,Validity,Validates that numeric values fall within acceptable business ranges,C2,2025-05-23,32017,31941,12,5,1,1,3,3,12,5,0.29411764705882354,0.5,0.5,0.29411764705882354,equal,ATTRIBUTE
LOGISTICS_SYSTEM,tenant_002,ds011,Shipping Records,5,FOREIGN_KEY_CHECK,DATASET,Integrity,Validates that foreign key references exist in master data tables,C3,2024-09-21,42842,34285,15,1,0,0,1,0,15,1,0.0625,0.0,0.0,0.0625,equal,ATTRIBUTE
HR_SYSTEM,tenant_001,ds005,Employee Directory,1,COMPLETENESS_CHECK,ATTRIBUTE,Completeness,Validates that required fields are populated and not null or empty,C1,2024-11-12,46214,37287,8,4,1,0,3,0,8,4,0.3333333333333333,0.0,0.0,0.3333333333333333,equal,ATTRIBUTE
FINANCE_SYSTEM,tenant_002,ds006,Financial Accounts,3,RANGE_CHECK,BUSINESS_RULE,Validity,Validates that numeric values fall within acceptable business ranges,C2,2025-06-13,22198,19990,14,6,3,2,6,2,14,6,0.3,0.4,0.25,0.3,up,ATTRIBUTE
WMS_SYSTEM,tenant_001,ds004,Inventory Records,5,FOREIGN_KEY_CHECK,DATASET,Integrity,Validates that foreign key references exist in master data tables,C3,2024-12-23,23273,22347,11,3,0,0,0,1,11,3,0.21428571428571427,0.0,1.0,0.21428571428571427,down,RECORD
ERP_SYSTEM,tenant_002,ds002,Product Catalog,5,FOREIGN_KEY_CHECK,DATASET,Integrity,Validates that foreign key references exist in master data tables,C3,2024-12-01,44337,41896,15,6,1,1,5,2,15,6,0.2857142857142857,0.5,0.2857142857142857,0.2857142857142857,up,ATTRIBUTE
COMPLIANCE_SYSTEM,tenant_003,ds013,Compliance Data,2,DATE_FORMAT_VALIDATION,ATTRIBUTE,Correctness,Ensures date fields follow standard ISO format (YYYY-MM-DD),C1,2025-05-08,25456,20718,4,4,1,0,2,2,4,4,0.5,0.0,0.5,0.5,down,DATASET
FINANCE_SYSTEM,tenant_001,ds006,Financial Accounts,7,QUALITY_SCORE,DATASET,Overall,Calculates overall data quality score based on multiple rule assessments,C4,2024-08-02,27351,26632,12,5,1,0,3,1,12,5,0.29411764705882354,0.0,0.25,0.29411764705882354,down,ATTRIBUTE
WMS_SYSTEM,tenant_002,ds004,Inventory Records,1,COMPLETENESS_CHECK,ATTRIBUTE,Completeness,Validates that required fields are populated and not null or empty,C1,2025-02-01,49838,44073,17,5,2,1,4,3,17,5,0.22727272727272727,0.3333333333333333,0.42857142857142855,0.22727272727272727,down,ATTRIBUTE
MARKETING_SYSTEM,tenant_002,ds007,Marketing Campaigns,4,CROSS_FIELD_VALIDATION,BUSINESS_RULE,Consistency,Ensures consistency between related fields across records,C2,2025-03-14,29235,28843,15,2,0,0,4,0,15,2,0.11764705882352941,0.0,0.0,0.11764705882352941,equal,DATASET
CRM_SYSTEM,tenant_003,ds001,Customer Master Data,5,FOREIGN_KEY_CHECK,DATASET,Integrity,Validates that foreign key references exist in master data tables,C3,2024-10-10,29149,28777,14,1,1,0,6,0,14,1,0.06666666666666667,0.0,0.0,0.06666666666666667,equal,DATASET
LOGISTICS_SYSTEM,tenant_003,ds011,Shipping Records,3,RANGE_CHECK,BUSINESS_RULE,Validity,Validates that numeric values fall within acceptable business ranges,C2,2025-01-28,22700,19750,12,4,1,0,1,0,12,4,0.25,0.0,0.0,0.25,equal,DATASET
LOGISTICS_SYSTEM,tenant_002,ds011,Shipping Records,2,DATE_FORMAT_VALIDATION,ATTRIBUTE,Correctness,Ensures date fields follow standard ISO format (YYYY-MM-DD),C1,2024-09-06,24256,22632,12,4,0,1,4,2,12,4,0.25,1.0,0.3333333333333333,0.25,up,DATASET
ASSET_SYSTEM,tenant_002,ds014,Asset Management,1,COMPLETENESS_CHECK,ATTRIBUTE,Completeness,Validates that required fields are populated and not null or empty,C1,2024-10-03,2677,2614,14,7,1,1,2,2,14,7,0.3333333333333333,0.5,0.5,0.3333333333333333,equal,RECORD
ASSET_SYSTEM,tenant_003,ds014,Asset Management,2,DATE_FORMAT_VALIDATION,ATTRIBUTE,Correctness,Ensures date fields follow standard ISO format (YYYY-MM-DD),C1,2025-05-01,34412,29066,11,1,0,0,3,1,11,1,0.08333333333333333,0.0,0.25,0.08333333333333333,down,ATTRIBUTE
ORDER_SYSTEM,tenant_002,ds010,Order Management,1,COMPLETENESS_CHECK,ATTRIBUTE,Completeness,Validates that required fields are populated and not null or empty,C1,2025-02-15,21375,18297,10,7,0,1,3,1,10,7,0.4117647058823529,1.0,0.25,0.4117647058823529,up,DATASET
QMS_SYSTEM,tenant_002,ds012,Quality Metrics,5,FOREIGN_KEY_CHECK,DATASET,Integrity,Validates that foreign key references exist in master data tables,C3,2025-05-20,24186,22452,7,2,1,0,2,0,7,2,0.2222222222222222,0.0,0.0,0.2222222222222222,equal,DATASET
QMS_SYSTEM,tenant_003,ds012,Quality Metrics,2,DATE_FORMAT_VALIDATION,ATTRIBUTE,Correctness,Ensures date fields follow standard ISO format (YYYY-MM-DD),C1,2024-08-31,25479,21656,10,7,1,0,2,2,10,7,0.4117647058823529,0.0,0.5,0.4117647058823529,down,RECORD
ORDER_SYSTEM,tenant_002,ds010,Order Management,2,DATE_FORMAT_VALIDATION,ATTRIBUTE,Correctness,Ensures date fields follow standard ISO format (YYYY-MM-DD),C1,2024-12-20,43256,41318,16,6,2,0,5,1,16,6,0.2727272727272727,0.0,0.16666666666666666,0.2727272727272727,down,ATTRIBUTE
POS_SYSTEM,tenant_003,ds003,Sales Transactions,5,FOREIGN_KEY_CHECK,DATASET,Integrity,Validates that foreign key references exist in master data tables,C3,2024-10-03,9709,8238,18,1,1,1,4,1,18,1,0.05263157894736842,0.5,0.2,0.05263157894736842,up,RECORD
POS_SYSTEM,tenant_002,ds003,Sales Transactions,3,RANGE_CHECK,BUSINESS_RULE,Validity,Validates that numeric values fall within acceptable business ranges,C2,2024-10-28,2787,2659,10,5,0,0,0,2,10,5,0.3333333333333333,0.0,1.0,0.3333333333333333,down,ATTRIBUTE
ERP_SYSTEM,tenant_001,ds002,Product Catalog,4,CROSS_FIELD_VALIDATION,BUSINESS_RULE,Consistency,Ensures consistency between related fields across records,C2,2025-02-14,44661,42875,11,2,0,0,2,0,11,2,0.15384615384615385,0.0,0.0,0.15384615384615385,equal,RECORD
LOGISTICS_SYSTEM,tenant_002,ds011,Shipping Records,6,DUPLICATE_DETECTION,DATASET,Uniqueness,Identifies duplicate records based on business key combinations,C3,2025-02-25,11968,11190,8,5,0,0,2,0,8,5,0.38461538461538464,0.0,0.0,0.38461538461538464,equal,RECORD
QMS_SYSTEM,tenant_003,ds012,Quality Metrics,6,DUPLICATE_DETECTION,DATASET,Uniqueness,Identifies duplicate records based on business key combinations,C3,2024-11-13,28736,28028,17,2,2,0,5,1,17,2,0.10526315789473684,0.0,0.16666666666666666,0.10526315789473684,down,ATTRIBUTE
PROCUREMENT_SYSTEM,tenant_003,ds009,Vendor Information,5,FOREIGN_KEY_CHECK,DATASET,Integrity,Validates that foreign key references exist in master data tables,C3,2025-03-16,5043,4188,10,5,0,1,1,1,10,5,0.3333333333333333,1.0,0.5,0.3333333333333333,up,DATASET
LOGISTICS_SYSTEM,tenant_001,ds011,Shipping Records,5,FOREIGN_KEY_CHECK,DATASET,Integrity,Validates that foreign key references exist in master data tables,C3,2025-02-20,31428,27108,14,6,2,1,7,1,14,6,0.3,0.3333333333333333,0.125,0.3,up,RECORD
PPM_SYSTEM,tenant_001,ds015,Project Portfolio,7,QUALITY_SCORE,DATASET,Overall,Calculates overall data quality score based on multiple rule assessments,C4,2024-10-23,34128,31886,7,2,2,0,2,0,7,2,0.2222222222222222,0.0,0.0,0.2222222222222222,equal,ATTRIBUTE
PPM_SYSTEM,tenant_003,ds015,Project Portfolio,7,QUALITY_SCORE,DATASET,Overall,Calculates overall data quality score based on multiple rule assessments,C4,2025-03-29,29987,29652,11,4,1,1,3,2,11,4,0.26666666666666666,0.5,0.4,0.26666666666666666,up,ATTRIBUTE
HR_SYSTEM,tenant_003,ds005,Employee Directory,3,RANGE_CHECK,BUSINESS_RULE,Validity,Validates that numeric values fall within acceptable business ranges,C2,2024-09-09,46727,39674,13,1,0,0,0,1,13,1,0.07142857142857142,0.0,1.0,0.07142857142857142,down,RECORD
WMS_SYSTEM,tenant_003,ds004,Inventory Records,6,DUPLICATE_DETECTION,DATASET,Uniqueness,Identifies duplicate records based on business key combinations,C3,2025-06-22,36714,31080,15,1,4,0,8,0,15,1,0.0625,0.0,0.0,0.0625,equal,RECORD
CRM_SYSTEM,tenant_001,ds001,Customer Master Data,6,DUPLICATE_DETECTION,DATASET,Uniqueness,Identifies duplicate records based on business key combinations,C3,2024-12-16,29244,27281,9,3,0,0,1,2,9,3,0.25,0.0,0.6666666666666666,0.25,down,RECORD
LOGISTICS_SYSTEM,tenant_003,ds011,Shipping Records,1,COMPLETENESS_CHECK,ATTRIBUTE,Completeness,Validates that required fields are populated and not null or empty,C1,2024-12-05,19922,15992,14,4,0,0,2,0,14,4,0.2222222222222222,0.0,0.0,0.2222222222222222,equal,DATASET
COMPLIANCE_SYSTEM,tenant_001,ds013,Compliance Data,5,FOREIGN_KEY_CHECK,DATASET,Integrity,Validates that foreign key references exist in master data tables,C3,2025-05-24,17292,14568,9,5,1,0,2,4,9,5,0.35714285714285715,0.0,0.6666666666666666,0.35714285714285715,down,DATASET
MARKETING_SYSTEM,tenant_001,ds007,Marketing Campaigns,3,RANGE_CHECK,BUSINESS_RULE,Validity,Validates that numeric values fall within acceptable business ranges,C2,2024-08-16,45054,38985,10,4,0,1,3,2,10,4,0.2857142857142857,1.0,0.4,0.2857142857142857,up,ATTRIBUTE
PPM_SYSTEM,tenant_001,ds015,Project Portfolio,6,DUPLICATE_DETECTION,DATASET,Uniqueness,Identifies duplicate records based on business key combinations,C3,2025-04-04,33892,33637,11,5,2,0,5,1,11,5,0.3125,0.0,0.16666666666666666,0.3125,down,RECORD
QMS_SYSTEM,tenant_001,ds012,Quality Metrics,5,FOREIGN_KEY_CHECK,DATASET,Integrity,Validates that foreign key references exist in master data tables,C3,2024-11-22,5036,4556,13,6,0,0,1,1,13,6,0.3157894736842105,0.0,0.5,0.3157894736842105,down,DATASET
WMS_SYSTEM,tenant_002,ds004,Inventory Records,7,QUALITY_SCORE,DATASET,Overall,Calculates overall data quality score based on multiple rule assessments,C4,2024-09-13,6725,6534,10,6,2,0,3,1,10,6,0.375,0.0,0.25,0.375,down,DATASET
SUPPORT_SYSTEM,tenant_001,ds008,Support Tickets,6,DUPLICATE_DETECTION,DATASET,Uniqueness,Identifies duplicate records based on business key combinations,C3,2025-03-05,37822,32953,16,2,2,1,5,2,16,2,0.1111111111111111,0.3333333333333333,0.2857142857142857,0.1111111111111111,equal,RECORD
MARKETING_SYSTEM,tenant_002,ds007,Marketing Campaigns,6,DUPLICATE_DETECTION,DATASET,Uniqueness,Identifies duplicate records based on business key combinations,C3,2025-05-09,15872,13406,11,5,2,1,3,1,11,5,0.3125,0.3333333333333333,0.25,0.3125,up,DATASET
QMS_SYSTEM,tenant_001,ds012,Quality Metrics,7,QUALITY_SCORE,DATASET,Overall,Calculates overall data quality score based on multiple rule assessments,C4,2024-07-17,3526,2891,10,3,0,0,1,1,10,3,0.23076923076923078,0.0,0.5,0.23076923076923078,down,DATASET
PPM_SYSTEM,tenant_003,ds015,Project Portfolio,6,DUPLICATE_DETECTION,DATASET,Uniqueness,Identifies duplicate records based on business key combinations,C3,2024-09-19,11075,10058,12,1,1,0,3,0,12,1,0.07692307692307693,0.0,0.0,0.07692307692307693,equal,DATASET
WMS_SYSTEM,tenant_001,ds004,Inventory Records,2,DATE_FORMAT_VALIDATION,ATTRIBUTE,Correctness,Ensures date fields follow standard ISO format (YYYY-MM-DD),C1,2024-10-12,15297,13122,12,4,1,1,3,2,12,4,0.25,0.5,0.4,0.25,up,RECORD
PROCUREMENT_SYSTEM,tenant_002,ds009,Vendor Information,5,FOREIGN_KEY_CHECK,DATASET,Integrity,Validates that foreign key references exist in master data tables,C3,2025-06-21,10417,8701,15,4,3,0,4,0,15,4,0.21052631578947367,0.0,0.0,0.21052631578947367,equal,DATASET
ERP_SYSTEM,tenant_003,ds002,Product Catalog,7,QUALITY_SCORE,DATASET,Overall,Calculates overall data quality score based on multiple rule assessments,C4,2024-12-15,46059,37483,16,3,3,0,4,0,16,3,0.15789473684210525,0.0,0.0,0.15789473684210525,equal,DATASET
WMS_SYSTEM,tenant_003,ds004,Inventory Records,2,DATE_FORMAT_VALIDATION,ATTRIBUTE,Correctness,Ensures date fields follow standard ISO format (YYYY-MM-DD),C1,2024-07-05,10537,9949,9,6,0,0,1,2,9,6,0.4,0.0,0.6666666666666666,0.4,down,DATASET
WMS_SYSTEM,tenant_002,ds004,Inventory Records,4,CROSS_FIELD_VALIDATION,BUSINESS_RULE,Consistency,Ensures consistency between related fields across records,C2,2025-02-04,8744,8418,7,4,0,0,1,0,7,4,0.36363636363636365,0.0,0.0,0.36363636363636365,equal,RECORD
MARKETING_SYSTEM,tenant_003,ds007,Marketing Campaigns,4,CROSS_FIELD_VALIDATION,BUSINESS_RULE,Consistency,Ensures consistency between related fields across records,C2,2024-09-26,12275,11402,17,3,1,1,3,1,17,3,0.15,0.5,0.25,0.15,up,RECORD
PROCUREMENT_SYSTEM,tenant_001,ds009,Vendor Information,7,QUALITY_SCORE,DATASET,Overall,Calculates overall data quality score based on multiple rule assessments,C4,2025-03-17,25851,22653,10,4,1,0,2,1,10,4,0.2857142857142857,0.0,0.3333333333333333,0.2857142857142857,down,ATTRIBUTE
LOGISTICS_SYSTEM,tenant_003,ds011,Shipping Records,4,CROSS_FIELD_VALIDATION,BUSINESS_RULE,Consistency,Ensures consistency between related fields across records,C2,2025-04-16,47850,43502,11,9,1,1,2,2,11,9,0.45,0.5,0.5,0.45,equal,ATTRIBUTE
PROCUREMENT_SYSTEM,tenant_003,ds009,Vendor Information,6,DUPLICATE_DETECTION,DATASET,Uniqueness,Identifies duplicate records based on business key combinations,C3,2024-12-31,5044,4449,14,3,0,0,2,0,14,3,0.17647058823529413,0.0,0.0,0.17647058823529413,equal,ATTRIBUTE
COMPLIANCE_SYSTEM,tenant_001,ds013,Compliance Data,6,DUPLICATE_DETECTION,DATASET,Uniqueness,Identifies duplicate records based on business key combinations,C3,2025-03-07,33282,28233,17,7,0,1,1,2,17,7,0.2916666666666667,1.0,0.6666666666666666,0.2916666666666667,up,RECORD
CRM_SYSTEM,tenant_001,ds001,Customer Master Data,5,FOREIGN_KEY_CHECK,DATASET,Integrity,Validates that foreign key references exist in master data tables,C3,2024-09-20,36106,35297,12,7,1,0,3,0,12,7,0.3684210526315789,0.0,0.0,0.3684210526315789,equal,ATTRIBUTE
WMS_SYSTEM,tenant_001,ds004,Inventory Records,7,QUALITY_SCORE,DATASET,Overall,Calculates overall data quality score based on multiple rule assessments,C4,2025-03-02,20830,18889,11,4,2,0,6,0,11,4,0.26666666666666666,0.0,0.0,0.26666666666666666,equal,RECORD
PPM_SYSTEM,tenant_002,ds015,Project Portfolio,6,DUPLICATE_DETECTION,DATASET,Uniqueness,Identifies duplicate records based on business key combinations,C3,2025-03-11,21928,19322,15,1,2,0,3,0,15,1,0.0625,0.0,0.0,0.0625,equal,RECORD
POS_SYSTEM,tenant_002,ds003,Sales Transactions,5,FOREIGN_KEY_CHECK,DATASET,Integrity,Validates that foreign key references exist in master data tables,C3,2025-05-24,24802,20041,14,3,2,0,4,0,14,3,0.17647058823529413,0.0,0.0,0.17647058823529413,equal,RECORD
COMPLIANCE_SYSTEM,tenant_003,ds013,Compliance Data,6,DUPLICATE_DETECTION,DATASET,Uniqueness,Identifies duplicate records based on business key combinations,C3,2025-03-29,33745,28673,9,6,2,0,3,0,9,6,0.4,0.0,0.0,0.4,equal,DATASET
WMS_SYSTEM,tenant_001,ds004,Inventory Records,6,DUPLICATE_DETECTION,DATASET,Uniqueness,Identifies duplicate records based on business key combinations,C3,2025-03-21,10871,8732,16,4,2,0,4,0,16,4,0.2,0.0,0.0,0.2,equal,DATASET
ORDER_SYSTEM,tenant_001,ds010,Order Management,4,CROSS_FIELD_VALIDATION,BUSINESS_RULE,Consistency,Ensures consistency between related fields across records,C2,2024-06-27,45296,43626,12,5,0,0,4,3,12,5,0.29411764705882354,0.0,0.42857142857142855,0.29411764705882354,down,RECORD
CRM_SYSTEM,tenant_001,ds001,Customer Master Data,2,DATE_FORMAT_VALIDATION,ATTRIBUTE,Correctness,Ensures date fields follow standard ISO format (YYYY-MM-DD),C1,2025-03-05,37990,33108,9,1,0,0,1,0,9,1,0.1,0.0,0.0,0.1,equal,ATTRIBUTE
SUPPORT_SYSTEM,tenant_001,ds008,Support Tickets,2,DATE_FORMAT_VALIDATION,ATTRIBUTE,Correctness,Ensures date fields follow standard ISO format (YYYY-MM-DD),C1,2025-02-17,28649,25489,10,1,1,0,1,0,10,1,0.09090909090909091,0.0,0.0,0.09090909090909091,equal,RECORD
MARKETING_SYSTEM,tenant_003,ds007,Marketing Campaigns,6,DUPLICATE_DETECTION,DATASET,Uniqueness,Identifies duplicate records based on business key combinations,C3,2025-02-03,44027,39951,11,7,1,0,6,0,11,7,0.3888888888888889,0.0,0.0,0.3888888888888889,equal,DATASET
POS_SYSTEM,tenant_003,ds003,Sales Transactions,7,QUALITY_SCORE,DATASET,Overall,Calculates overall data quality score based on multiple rule assessments,C4,2025-04-30,4271,4089,12,3,2,0,5,1,12,3,0.2,0.0,0.16666666666666666,0.2,down,ATTRIBUTE
ASSET_SYSTEM,tenant_003,ds014,Asset Management,5,FOREIGN_KEY_CHECK,DATASET,Integrity,Validates that foreign key references exist in master data tables,C3,2024-10-08,13386,13129,8,8,1,0,3,1,8,8,0.5,0.0,0.25,0.5,down,DATASET
PPM_SYSTEM,tenant_002,ds015,Project Portfolio,4,CROSS_FIELD_VALIDATION,BUSINESS_RULE,Consistency,Ensures consistency between related fields across records,C2,2024-10-31,41588,39324,17,4,3,0,5,1,17,4,0.19047619047619047,0.0,0.16666666666666666,0.19047619047619047,down,RECORD
COMPLIANCE_SYSTEM,tenant_002,ds013,Compliance Data,5,FOREIGN_KEY_CHECK,DATASET,Integrity,Validates that foreign key references exist in master data tables,C3,2025-06-15,35747,30461,11,0,1,0,2,0,11,0,0.0,0.0,0.0,0.0,equal,RECORD
POS_SYSTEM,tenant_003,ds003,Sales Transactions,2,DATE_FORMAT_VALIDATION,ATTRIBUTE,Correctness,Ensures date fields follow standard ISO format (YYYY-MM-DD),C1,2025-06-12,18076,17351,6,2,1,1,2,2,6,2,0.25,0.5,0.5,0.25,equal,RECORD
ASSET_SYSTEM,tenant_001,ds014,Asset Management,3,RANGE_CHECK,BUSINESS_RULE,Validity,Validates that numeric values fall within acceptable business ranges,C2,2024-07-18,13127,12212,7,2,0,1,2,1,7,2,0.2222222222222222,1.0,0.3333333333333333,0.2222222222222222,up,DATASET
WMS_SYSTEM,tenant_001,ds004,Inventory Records,3,RANGE_CHECK,BUSINESS_RULE,Validity,Validates that numeric values fall within acceptable business ranges,C2,2025-05-05,36100,32175,11,5,0,0,6,1,11,5,0.3125,0.0,0.14285714285714285,0.3125,down,RECORD
POS_SYSTEM,tenant_001,ds003,Sales Transactions,2,DATE_FORMAT_VALIDATION,ATTRIBUTE,Correctness,Ensures date fields follow standard ISO format (YYYY-MM-DD),C1,2025-05-21,34560,31688,9,3,0,0,2,0,9,3,0.25,0.0,0.0,0.25,equal,ATTRIBUTE
CRM_SYSTEM,tenant_002,ds001,Customer Master Data,5,FOREIGN_KEY_CHECK,DATASET,Integrity,Validates that foreign key references exist in master data tables,C3,2025-06-20,1232,1122,17,6,3,0,5,1,17,6,0.2608695652173913,0.0,0.16666666666666666,0.2608695652173913,down,ATTRIBUTE
PPM_SYSTEM,tenant_003,ds015,Project Portfolio,5,FOREIGN_KEY_CHECK,DATASET,Integrity,Validates that foreign key references exist in master data tables,C3,2024-08-14,19196,16941,14,3,0,0,4,0,14,3,0.17647058823529413,0.0,0.0,0.17647058823529413,equal,ATTRIBUTE
SUPPORT_SYSTEM,tenant_001,ds008,Support Tickets,5,FOREIGN_KEY_CHECK,DATASET,Integrity,Validates that foreign key references exist in master data tables,C3,2025-03-18,42928,41374,13,4,0,0,2,0,13,4,0.23529411764705882,0.0,0.0,0.23529411764705882,equal,DATASET
PPM_SYSTEM,tenant_001,ds015,Project Portfolio,5,FOREIGN_KEY_CHECK,DATASET,Integrity,Validates that foreign key references exist in master data tables,C3,2024-07-19,48530,45479,11,4,0,0,3,0,11,4,0.26666666666666666,0.0,0.0,0.26666666666666666,equal,ATTRIBUTE
QMS_SYSTEM,tenant_001,ds012,Quality Metrics,1,COMPLETENESS_CHECK,ATTRIBUTE,Completeness,Validates that required fields are populated and not null or empty,C1,2024-07-17,23401,20652,19,1,0,0,4,1,19,1,0.05,0.0,0.2,0.05,down,ATTRIBUTE
QMS_SYSTEM,tenant_003,ds012,Quality Metrics,4,CROSS_FIELD_VALIDATION,BUSINESS_RULE,Consistency,Ensures consistency between related fields across records,C2,2024-11-04,18658,15167,11,4,0,0,2,0,11,4,0.26666666666666666,0.0,0.0,0.26666666666666666,equal,DATASET
FINANCE_SYSTEM,tenant_002,ds006,Financial Accounts,4,CROSS_FIELD_VALIDATION,BUSINESS_RULE,Consistency,Ensures consistency between related fields across records,C2,2025-02-20,9623,9425,5,6,1,0,3,2,5,6,0.5454545454545454,0.0,0.4,0.5454545454545454,down,DATASET
ORDER_SYSTEM,tenant_003,ds010,Order Management,4,CROSS_FIELD_VALIDATION,BUSINESS_RULE,Consistency,Ensures consistency between related fields across records,C2,2025-06-24,46749,44890,9,5,0,1,1,1,9,5,0.35714285714285715,1.0,0.5,0.35714285714285715,up,ATTRIBUTE
LOGISTICS_SYSTEM,tenant_001,ds011,Shipping Records,4,CROSS_FIELD_VALIDATION,BUSINESS_RULE,Consistency,Ensures consistency between related fields across records,C2,2024-08-10,21929,19608,12,6,1,1,4,1,12,6,0.3333333333333333,0.5,0.2,0.3333333333333333,up,ATTRIBUTE
QMS_SYSTEM,tenant_003,ds012,Quality Metrics,7,QUALITY_SCORE,DATASET,Overall,Calculates overall data quality score based on multiple rule assessments,C4,2024-12-05,43485,35826,7,5,1,0,1,2,7,5,0.4166666666666667,0.0,0.6666666666666666,0.4166666666666667,down,DATASET
PROCUREMENT_SYSTEM,tenant_001,ds009,Vendor Information,6,DUPLICATE_DETECTION,DATASET,Uniqueness,Identifies duplicate records based on business key combinations,C3,2024-07-23,5974,5563,12,1,1,0,1,1,12,1,0.07692307692307693,0.0,0.5,0.07692307692307693,down,ATTRIBUTE
LOGISTICS_SYSTEM,tenant_002,ds011,Shipping Records,7,QUALITY_SCORE,DATASET,Overall,Calculates overall data quality score based on multiple rule assessments,C4,2024-07-17,38602,32053,13,1,2,0,2,0,13,1,0.07142857142857142,0.0,0.0,0.07142857142857142,equal,RECORD
POS_SYSTEM,tenant_002,ds003,Sales Transactions,6,DUPLICATE_DETECTION,DATASET,Uniqueness,Identifies duplicate records based on business key combinations,C3,2024-09-13,4856,4844,10,8,0,0,2,0,10,8,0.4444444444444444,0.0,0.0,0.4444444444444444,equal,RECORD
QMS_SYSTEM,tenant_002,ds012,Quality Metrics,4,CROSS_FIELD_VALIDATION,BUSINESS_RULE,Consistency,Ensures consistency between related fields across records,C2,2025-06-13,20917,18667,12,5,4,0,7,2,12,5,0.29411764705882354,0.0,0.2222222222222222,0.29411764705882354,down,DATASET
HR_SYSTEM,tenant_003,ds005,Employee Directory,5,FOREIGN_KEY_CHECK,DATASET,Integrity,Validates that foreign key references exist in master data tables,C3,2025-06-10,24293,23519,9,5,1,1,4,2,9,5,0.35714285714285715,0.5,0.3333333333333333,0.35714285714285715,up,ATTRIBUTE
ASSET_SYSTEM,tenant_003,ds014,Asset Management,1,COMPLETENESS_CHECK,ATTRIBUTE,Completeness,Validates that required fields are populated and not null or empty,C1,2025-03-17,38458,37523,7,4,1,2,2,3,7,4,0.36363636363636365,0.6666666666666666,0.6,0.36363636363636365,up,DATASET
FINANCE_SYSTEM,tenant_003,ds006,Financial Accounts,2,DATE_FORMAT_VALIDATION,ATTRIBUTE,Correctness,Ensures date fields follow standard ISO format (YYYY-MM-DD),C1,2025-05-03,37317,35940,12,3,1,2,2,3,12,3,0.2,0.6666666666666666,0.6,0.2,up,RECORD
CRM_SYSTEM,tenant_003,ds001,Customer Master Data,6,DUPLICATE_DETECTION,DATASET,Uniqueness,Identifies duplicate records based on business key combinations,C3,2025-05-28,15835,14337,9,6,2,0,4,1,9,6,0.4,0.0,0.2,0.4,down,ATTRIBUTE
ERP_SYSTEM,tenant_002,ds002,Product Catalog,2,DATE_FORMAT_VALIDATION,ATTRIBUTE,Correctness,Ensures date fields follow standard ISO format (YYYY-MM-DD),C1,2024-10-09,46082,40861,13,4,1,0,5,0,13,4,0.23529411764705882,0.0,0.0,0.23529411764705882,equal,ATTRIBUTE
WMS_SYSTEM,tenant_001,ds004,Inventory Records,4,CROSS_FIELD_VALIDATION,BUSINESS_RULE,Consistency,Ensures consistency between related fields across records,C2,2024-08-19,1791,1439,7,2,1,0,2,0,7,2,0.2222222222222222,0.0,0.0,0.2222222222222222,equal,DATASET
POS_SYSTEM,tenant_003,ds003,Sales Transactions,6,DUPLICATE_DETECTION,DATASET,Uniqueness,Identifies duplicate records based on business key combinations,C3,2024-07-11,3170,3071,11,4,2,0,4,0,11,4,0.26666666666666666,0.0,0.0,0.26666666666666666,equal,RECORD
LOGISTICS_SYSTEM,tenant_001,ds011,Shipping Records,3,RANGE_CHECK,BUSINESS_RULE,Validity,Validates that numeric values fall within acceptable business ranges,C2,2024-10-04,22439,19062,21,2,1,0,3,1,21,2,0.08695652173913043,0.0,0.25,0.08695652173913043,down,ATTRIBUTE
POS_SYSTEM,tenant_003,ds003,Sales Transactions,4,CROSS_FIELD_VALIDATION,BUSINESS_RULE,Consistency,Ensures consistency between related fields across records,C2,2024-11-22,1995,1877,12,5,1,0,4,1,12,5,0.29411764705882354,0.0,0.2,0.29411764705882354,down,ATTRIBUTE
ASSET_SYSTEM,tenant_001,ds014,Asset Management,1,COMPLETENESS_CHECK,ATTRIBUTE,Completeness,Validates that required fields are populated and not null or empty,C1,2025-02-03,49827,43549,14,6,0,1,4,2,14,6,0.3,1.0,0.3333333333333333,0.3,up,RECORD
HR_SYSTEM,tenant_002,ds005,Employee Directory,6,DUPLICATE_DETECTION,DATASET,Uniqueness,Identifies duplicate records based on business key combinations,C3,2024-06-28,49668,41241,7,5,1,1,2,1,7,5,0.4166666666666667,0.5,0.3333333333333333,0.4166666666666667,up,DATASET
WMS_SYSTEM,tenant_003,ds004,Inventory Records,5,FOREIGN_KEY_CHECK,DATASET,Integrity,Validates that foreign key references exist in master data tables,C3,2025-02-26,8405,7359,10,3,2,1,3,1,10,3,0.23076923076923078,0.3333333333333333,0.25,0.23076923076923078,up,RECORD
COMPLIANCE_SYSTEM,tenant_003,ds013,Compliance Data,1,COMPLETENESS_CHECK,ATTRIBUTE,Completeness,Validates that required fields are populated and not null or empty,C1,2025-03-15,30966,29231,12,3,1,0,2,1,12,3,0.2,0.0,0.3333333333333333,0.2,down,RECORD
ORDER_SYSTEM,tenant_002,ds010,Order Management,3,RANGE_CHECK,BUSINESS_RULE,Validity,Validates that numeric values fall within acceptable business ranges,C2,2025-04-23,8566,7533,18,5,3,1,8,1,18,5,0.21739130434782608,0.25,0.1111111111111111,0.21739130434782608,up,RECORD
POS_SYSTEM,tenant_001,ds003,Sales Transactions,6,DUPLICATE_DETECTION,DATASET,Uniqueness,Identifies duplicate records based on business key combinations,C3,2025-03-29,7825,7385,10,1,1,0,3,0,10,1,0.09090909090909091,0.0,0.0,0.09090909090909091,equal,RECORD
ORDER_SYSTEM,tenant_002,ds010,Order Management,5,FOREIGN_KEY_CHECK,DATASET,Integrity,Validates that foreign key references exist in master data tables,C3,2024-07-18,17996,16867,15,5,0,1,3,2,15,5,0.25,1.0,0.4,0.25,up,ATTRIBUTE
HR_SYSTEM,tenant_002,ds005,Employee Directory,4,CROSS_FIELD_VALIDATION,BUSINESS_RULE,Consistency,Ensures consistency between related fields across records,C2,2025-05-13,6138,5145,8,7,2,1,3,2,8,7,0.4666666666666667,0.3333333333333333,0.4,0.4666666666666667,down,ATTRIBUTE
ORDER_SYSTEM,tenant_001,ds010,Order Management,3,RANGE_CHECK,BUSINESS_RULE,Validity,Validates that numeric values fall within acceptable business ranges,C2,2025-04-15,5787,5066,17,2,2,0,4,0,17,2,0.10526315789473684,0.0,0.0,0.10526315789473684,equal,ATTRIBUTE
SUPPORT_SYSTEM,tenant_003,ds008,Support Tickets,5,FOREIGN_KEY_CHECK,DATASET,Integrity,Validates that foreign key references exist in master data tables,C3,2025-04-19,15166,12927,7,2,0,0,1,1,7,2,0.2222222222222222,0.0,0.5,0.2222222222222222,down,ATTRIBUTE
QMS_SYSTEM,tenant_002,ds012,Quality Metrics,7,QUALITY_SCORE,DATASET,Overall,Calculates overall data quality score based on multiple rule assessments,C4,2025-02-23,20598,18083,10,3,1,0,3,1,10,3,0.23076923076923078,0.0,0.25,0.23076923076923078,down,DATASET
PROCUREMENT_SYSTEM,tenant_002,ds009,Vendor Information,3,RANGE_CHECK,BUSINESS_RULE,Validity,Validates that numeric values fall within acceptable business ranges,C2,2025-03-24,8471,7120,10,2,0,1,2,1,10,2,0.16666666666666666,1.0,0.3333333333333333,0.16666666666666666,up,DATASET
PROCUREMENT_SYSTEM,tenant_003,ds009,Vendor Information,4,CROSS_FIELD_VALIDATION,BUSINESS_RULE,Consistency,Ensures consistency between related fields across records,C2,2025-03-15,46957,42703,12,2,0,0,4,0,12,2,0.14285714285714285,0.0,0.0,0.14285714285714285,equal,RECORD
ERP_SYSTEM,tenant_001,ds002,Product Catalog,1,COMPLETENESS_CHECK,ATTRIBUTE,Completeness,Validates that required fields are populated and not null or empty,C1,2025-03-11,13811,12088,12,4,1,0,2,1,12,4,0.25,0.0,0.3333333333333333,0.25,down,DATASET
